链接,标题,日期
http://chuansong.me/n/2252770729218,给非科班出身的你，推荐几本统计学图书,2018-03-21
http://chuansong.me/n/2248037129221,成为BAT的数据分析师，应该如何精进技术？,2018-03-20
http://chuansong.me/n/2248037229223,入职阿里巴巴数据分析师——我的10个关键转折点,2018-03-20
http://chuansong.me/n/2248037329217,用Excel做出强大漂亮的数据地图,2018-03-20
http://chuansong.me/n/2240067229027,揭露315维权背后的大数据，一起来说说你被谁无情地骗过,2018-03-15
http://chuansong.me/n/2235474729013,如何建立一个数据分析团队？,2018-03-13
http://chuansong.me/n/2235474829015,刻意练习，如何成为一名取数大师,2018-03-12
http://chuansong.me/n/2194759729023,2018年春运大数据分析报告：回家，你怕了吗？,2018-02-14
http://chuansong.me/n/2186550429217,资深产品经理都是怎样做PPT的呢？,2018-02-08
http://chuansong.me/n/2134930929134,敲黑板！为什么一款《恋与制作人》值得游戏厂娱乐圈品牌主三方重点关注？,2018-01-11
http://chuansong.me/n/2109804029041,从Pipenv到PyTorch，盘点2017年最受欢迎的十大机器学习Python库,2017-12-27
http://chuansong.me/n/2109804129019,这有一份干货满满的新年礼物，请注意查收,2017-12-27
http://chuansong.me/n/2103917429027,1亿次婚恋配对实验，总结出这套找对象攻略（附送书活动）,2017-12-23
http://chuansong.me/n/2084066029319,运营必看：提高运营工作效率的10大神器,2017-12-14
http://chuansong.me/n/2068058829030,致运营狗：如何不依赖分析师，自己搞定数据分析？（文末有福利）,2017-12-06
http://chuansong.me/n/2066169629327,运营干货\\xa0|\\xa0「精细化运营」无从下手？那看看这张表吧！,2017-12-04
http://chuansong.me/n/2066169729327,萃取14个行业领域数据，2017品牌数字影响力榜单出炉,2017-12-04
http://chuansong.me/n/2053669229715,分析型数据仓库中读写分离的实现,2017-11-27
http://chuansong.me/n/2044051829421,一文读懂「用户行为数据」的采集、分析和应用,2017-11-22
http://chuansong.me/n/2016512629019,一文读懂推荐系统知识体系（附学习资料）,2017-11-06
http://chuansong.me/n/2016512729031,【北京站】20位顶级大咖带你践行大数据（内附演讲视频和PPT）,2017-11-06
http://chuansong.me/n/2016293329028,【十二星座】大数据和机器学习揭示人类的天赋究竟从何而来？,2017-10-16
http://chuansong.me/n/2016293429025,今天不是人工智能的爆炸时代，却是场景构建的基础元年,2017-10-16
http://chuansong.me/n/2016293529019,第三届数据新闻比赛获奖及入围名单出炉！,2017-10-16
http://chuansong.me/n/2016293629924,细思极恐！大数据和机器学习揭示十二星座的真实面目,2017-09-26
http://chuansong.me/n/2016293729931,重磅报告|\\xa0国内外主流手机品牌解析，3分钟读懂手机行业发展趋势,2017-09-26
http://chuansong.me/n/2016293829016,深度\\xa0|\\xa0如何快速成为数据分析师,2017-09-25
http://chuansong.me/n/2016293929833,我用Python爬取了全国4500个热门景点，告诉你国庆哪儿最堵？,2017-09-19
http://chuansong.me/n/2016294029833,福利\\xa0|\\xa0抢2017大数据商业创新论坛门票，拿上半年行业报告大礼包,2017-09-19
http://chuansong.me/n/2016294129016,深度学习在电商商品推荐当中的应用,2017-08-31
http://chuansong.me/n/2016294229019,如何快速全面建立自己的大数据知识体系？,2017-08-07
http://chuansong.me/n/2016294329020,硅谷的创业公司都做了哪些有趣的大数据产品,2017-08-07
http://chuansong.me/n/2016294429027,重磅报告|1600万数据解密2017年美妆品牌营销趋势,2017-08-01
http://chuansong.me/n/2016294529024,2017第四届中国国际大数据大会将于9月在京召开,2017-08-01
http://chuansong.me/n/1948087429815,如何用Python做情感分析？,2017-07-01
http://chuansong.me/n/1916198229916,父亲节大数据公布：别让老爸受冷落,2017-06-18
http://chuansong.me/n/1916198329935,&quot;618&quot;福利\\xa0|\\xa0\\xa0数据天才：数据科学家修炼之道,2017-06-18
http://chuansong.me/n/1909160129225,数据新闻工作者的福音——《数据新闻实战》免费赠送啦,2017-06-13
http://chuansong.me/n/1909160229221,资源\\xa0|\\xa0数据科学家必备的21个命令行工具,2017-06-13
http://chuansong.me/n/1902477829718,【推荐】那些你不知道的爬虫反爬虫套路,2017-06-10
http://chuansong.me/n/1898094629916,去哪找数据？这里有6千万＋条数据,2017-06-07
http://chuansong.me/n/1898094729916,小学生神助攻，王者荣耀完胜阴阳师,2017-06-07
http://chuansong.me/n/1898094829919,《数据科学家养成手册》——你值得拥有！,2017-06-07
http://chuansong.me/n/1882565929230,儿童节福利\\xa0|\\xa0概率编程——未来也可以这样预测（附赠书活动）,2017-06-01
http://chuansong.me/n/1882566029227,智慧运营·数造未来\\xa0|\\xa02017永洪科技成都大数据峰会,2017-06-01
http://chuansong.me/n/1865235129527,160w微博、12w评论还原周杰伦怒斥“保安”公关事件,2017-05-27
http://chuansong.me/n/1865235229517,端午节福利\\xa0|\\xa0数据分析网送书活动,2017-05-27
http://chuansong.me/n/1865235329505,通知！！！,2017-05-27
http://chuansong.me/n/1851817229015,基于机器学习的文本情感极性分析,2017-05-22
http://chuansong.me/n/1851817329025,中国互联网行业10年投融资实录\\xa0|\\xa0原力大数据盘点,2017-05-22
http://chuansong.me/n/1827578829218,你和数据分析师之间只差一个西瓜的距离,2017-05-12
http://chuansong.me/n/1827578929237,跨界互联\\xa0数聚未来\\xa0——CDAS\\xa02017\\xa0中国数据分析师行业峰会拉开帷幕,2017-05-12
http://chuansong.me/n/1825233129829,Python做文本挖掘的情感极性分析（基于情感词典的方法）,2017-05-11
http://chuansong.me/n/1825233229839,中国品牌日重磅|100+食品饮料品牌角逐，大数据揭秘消费者心中的\\xa0“扛鼎”品牌,2017-05-11
http://chuansong.me/n/1799312829927,你是我们在寻找的数据达人吗，第三届数据新闻比赛在等你！,2017-05-03
http://chuansong.me/n/1799312929925,《人民的名义》如何圈粉“90后”|\\xa0大数据舆情分析,2017-05-03
http://chuansong.me/n/1791935029823,浙江CPDA认证：企业需要什么样的数据分析师？,2017-04-26
http://chuansong.me/n/1787849029412,数据分析师可不是啥好工作,2017-04-25
http://chuansong.me/n/1787849129429,3天12亿票房，汽车品牌借势《速8》烧钱买“人心”哪家强？,2017-04-25
http://chuansong.me/n/1765923529233,Countly市场经理陈俊勋：助你所在团队走上大数据路途的六大规则,2017-04-18
http://chuansong.me/n/1765923629625,2017浙江最全数据分析师养成计划--从入门到大神,2017-04-15
http://chuansong.me/n/1765923729922,提前曝光！《歌手》决赛全部排名丨机器学习预测,2017-04-14
http://chuansong.me/n/1765923829914,《歌手》决赛排名预测之技术篇,2017-04-14
http://chuansong.me/n/1765923929918,首届“数据分析与知识发现”学术研讨会,2017-04-14
http://chuansong.me/n/1765924029725,百万数据揭秘，原来你是这样被《人民的名义》圈粉的！,2017-04-13
http://chuansong.me/n/1765924129723,2017未来医疗科技大会暨人工智能前沿高峰论坛,2017-04-13
http://chuansong.me/n/1729404529017,从底层到应用，那些数据人的必备技能,2017-03-31
http://chuansong.me/n/1729404629030,手机品牌大玩“色彩营销”，你的消费者真的仅仅是好“色”之徒？,2017-03-31
http://chuansong.me/n/1720288729516,干货 | 携程机票前台埋点二三事,2017-03-29
http://chuansong.me/n/1720288829525,CDAS 2017 中国数据分析师行业峰会火力全开,2017-03-29
http://chuansong.me/n/1712647229713,数据分析之如何优化广告投放,2017-03-26
http://chuansong.me/n/1712647329722,推荐：网络爬虫与文本挖掘案例实战学习（上海）,2017-03-26
http://chuansong.me/n/1700329829422,金融数据分析强势上线 | 学好风控 日进斗金,2017-03-23
http://chuansong.me/n/1700329929417,数据分析订单转化率提升一倍的秘密！,2017-03-23
http://chuansong.me/n/1679412429028,3分钟看穿“315黑名单”企业 如何在黄金时段 “渡劫”,2017-03-17
http://chuansong.me/n/1650643129723,【课程】机器学习最强升级，算法经典，实战为王！,2017-03-09
http://chuansong.me/n/1650643229737,LBS场景数字化营销经典应用场景——看看会展业怎么用把LBS玩的高大上的！,2017-03-09
http://chuansong.me/n/1602025529320,增长实战：破解获取、激活、留存的数据思维,2017-02-24
http://chuansong.me/n/1602025629337,这四十年来的香港歌坛在唱些什么，“南中国听歌最多”的数据分析师带你一探究竟,2017-02-24
http://chuansong.me/n/1602025729327,《数据科学家》2017年1月刊已出炉，附完整版下载地址,2017-02-24
http://chuansong.me/n/1598082529720,在数据产品这个行业里，你需要知道这些内幕,2017-02-23
http://chuansong.me/n/1575851829614,你做的那些坏事，大数据全知道,2017-02-16
http://chuansong.me/n/1575851929625,数据分析网免费送书：79元《数据实践之美》先到先得,2017-02-16
http://chuansong.me/n/1571869129110,数据人之苦，你造吗？,2017-02-15
http://chuansong.me/n/1571869229124,50亿+票房背后的品牌营销分析，这些“坑”别踩！,2017-02-15
http://chuansong.me/n/1571869329147,Intersection between data and design | 镝一颗糖线上沙龙,2017-02-15
http://chuansong.me/n/1562406029021,这年头，找对象都离不开Excel了，哈哈哈,2017-02-12
http://chuansong.me/n/1562406129043,一命二运三风水，要想鸡年生意”大发”,必须挑选”风水宝地”——大数据全真案例带你来解密,2017-02-12
http://chuansong.me/n/1562406229025,一名数据科学家的新年计划（附“新年计划”下载地址）,2017-02-12
http://chuansong.me/n/1454232329112,一名数据科学家的新年计划,2017-01-06
http://chuansong.me/n/1454232429124,“乐坛超级IP“王菲演唱会，这些品牌才是最大赢家,2017-01-06
http://chuansong.me/n/1445751929622,电商数据分析：用七句话学会用数据监控类目销售,2017-01-04
http://chuansong.me/n/1403316229248,分享：数据驱动产品运营的增长之道,2016-12-28
http://chuansong.me/n/1403316329264,雾霾爆表！ 数说9.2亿互动量背后的网友抗霾大战,2016-12-28
http://chuansong.me/n/1377937429857,圣诞节如果没有礼物，跟咸鱼有什么分别？,2016-12-24
http://chuansong.me/n/1377937529839,秋毫明察，实时数据产品一览,2016-12-24
http://chuansong.me/n/1372772729253,GitHub 上 57 款最流行的开源深度学习项目,2016-12-23
http://chuansong.me/n/1372772829221,当好数据遇上对的图表，你心中最狂拽酷炫的交互创意终于能实现了！|镝次元图表众筹计划,2016-12-23
http://chuansong.me/n/1315342329557,数据的价值是提升业务而不仅仅是用户画像,2016-12-16
http://chuansong.me/n/1315342429567,R语言机器学习与大数据分析高级课程通知（深圳）,2016-12-16
http://chuansong.me/n/1308497129163,《数据科学家》2016年11月，让大数据更简单！！,2016-12-15
http://chuansong.me/n/1289844429905,年度“肉体趴”变“春晚秀”？大数据让你秒懂维密秀背后的“性感”营销戏码,2016-12-13
http://chuansong.me/n/1289844529939,十张图看清BAT之间的实力对比,2016-12-13
http://chuansong.me/n/1252654629654,干货丨一步步教你如何入门精益数据分析,2016-12-07
http://chuansong.me/n/1252654729671,11月网购盘点，谁在大淘系的浩大声势中分得一杯羹？,2016-12-07
http://chuansong.me/n/1252654829664,GrowingIO 数据驱动增长大会——寒冬下的增长英雄,2016-12-07
http://chuansong.me/n/1220475929454,如何更有价值采集数据、高效分析数据？,2016-12-03
http://chuansong.me/n/1220476029469,全国高校python网络爬虫与文本挖掘技术培训（上海）,2016-12-03
http://chuansong.me/n/1074525929542,让漫画告诉你：什么是大数据！,2016-11-08
http://chuansong.me/n/1074526029561,4年估值20亿美元的大数据公司：Domo的神秘国度,2016-11-08
http://chuansong.me/n/1074526129576,14张图表、11个季度数据对比，解析阿里二季报的六大要点,2016-11-08
http://chuansong.me/n/1066373429361,新发现一本书，学习R语言特别好用，不信你看,2016-11-04
http://chuansong.me/n/1066373529339,值得膜拜的三个数据分析案例,2016-11-04
http://chuansong.me/n/1066373629378,【有趣的大数据】“但我还是买不起房”是如何刷爆微博的,2016-11-04
http://chuansong.me/n/1064872929966,如何用朴素贝叶斯模型预测柯南里的被害人和凶手,2016-11-03
http://chuansong.me/n/1064873029947,Quora在自然语言处理上的所做的工作,2016-11-03
http://chuansong.me/n/1063742129962,数据嗨客 | 第1期：5分钟包你看懂“机器学习”,2016-11-02
http://chuansong.me/n/1063742229971,我请了15位「老司机」，带你看懂机器学习的前世今生,2016-11-02
http://chuansong.me/n/1063742329977,「拉勾网」薪资调查的小爬虫，并将抓取结果保存到excel中,2016-11-02
http://chuansong.me/n/1055122629156,EXCEL十大搞笑操作排行榜，你中招了几个？,2016-10-31
http://chuansong.me/n/1055122729165,数据科学 |Python高级数据分析师技能培训（上海）,2016-10-31
http://chuansong.me/n/1055122829142,如何避免形式主义的用户画像？,2016-10-31
http://chuansong.me/n/1032135129581,怎样在坏人干坏事前抓住他？马云给了一个办法，你看靠谱不,2016-10-27
http://chuansong.me/n/1032135229566,数说营销丨大数据揭秘老罗“相声专场”营销套路,2016-10-27
http://chuansong.me/n/1021048229766,王宝强是怎么选律师的？知识图谱给你来个全解析,2016-10-25
http://chuansong.me/n/1021048329736,可视化分析福尔摩斯探案集,2016-10-25
http://chuansong.me/n/1021048429775,数据魔术师孔淼：打开数据分析的门，就再也不愿回去了,2016-10-25
http://chuansong.me/n/1009532929657,Hadoop学习笔记：思维导图整理（附源文件）,2016-10-23
http://chuansong.me/n/1009533029651,《信息图表的力量》送书活动赠书名单,2016-10-23
http://chuansong.me/n/1003912429463,大数据教你如何用小区生态指数选到心仪的住宅,2016-10-22
http://chuansong.me/n/1003912529433,Python语言十分钟快速入门,2016-10-22
http://chuansong.me/n/997580929342,做数据分析是一份怎样的工作？,2016-10-20
http://chuansong.me/n/997581029336,数据科学家是如何玩台球？,2016-10-20
http://chuansong.me/n/992758029269,《数据科学家》2016年09月，大数据月刊首期隆重上线,2016-10-19
http://chuansong.me/n/992758129275,《麦肯锡工作法》读书笔记，剖析麦肯锡工作术（PPT版）,2016-10-19
http://chuansong.me/n/992758229248,写给爱看电影的你：如何避开烂片？,2016-10-19
http://chuansong.me/n/985720629563,香菇，用数据讲故事居然有这么多的误解？？？,2016-10-18
http://chuansong.me/n/985720729550,朝阳35处｜老王带你搞定社交网络分析,2016-10-18
http://chuansong.me/n/977657729539,如何有效率地找到人生伴侣？,2016-10-15
http://chuansong.me/n/977657829528,Python 编码的前世今生,2016-10-15
http://chuansong.me/n/973177229445,大数据与分析翘楚共话大数据未来,2016-10-14
http://chuansong.me/n/963444229036,你知道信息图表的秘密吗？,2016-10-13
http://chuansong.me/n/963444329056,为不擅长编程的人准备的19个数据科学工具,2016-10-13
http://chuansong.me/n/953652329065,思路+步骤+方法，三步教你如何快速构建用户画像,2016-10-12
http://chuansong.me/n/953652429060,大数据时代，我们应该具有怎样的思维方式？,2016-10-12
http://chuansong.me/n/943157229136,【干货】基础机器学习算法,2016-10-11
http://chuansong.me/n/943157329133,基于深度学习的智能问答,2016-10-11
http://chuansong.me/n/877819429155,翻书柜 | 1000位产品经理推荐的数据分析书,2016-10-04
http://chuansong.me/n/877819529151,机器学习中的数据清洗与特征处理综述,2016-10-04
http://chuansong.me/n/877819629151,关于Python漏洞挖掘那些不得不提的事儿,2016-10-04
http://chuansong.me/n/871578029351,一名优秀的数据分析师是怎样炼成的？,2016-09-30
http://chuansong.me/n/871578129351,如何发现数据见关联来打击网络犯罪？,2016-09-30
http://chuansong.me/n/871578229342,十张图解释机器学习的基本概念,2016-09-30
http://chuansong.me/n/870440029868,号外！《Gartner2016年度新兴技术成熟度曲线》全解读,2016-09-29
http://chuansong.me/n/870440129880,61%vs94%！大数据解读三只松鼠和百草味的中韩剧广告植入效果,2016-09-29
http://chuansong.me/n/870440229862,【活动报名】Excel技巧分享系列之一：基础知识,2016-09-29
http://chuansong.me/n/869084029545,数据分析的坑，都在统计学里埋过,2016-09-28
http://chuansong.me/n/869084129564,KDnuggets 官方调查：数据科学家最常用的十种算法,2016-09-28
http://chuansong.me/n/869084229518,分类算法总结,2016-09-28
http://chuansong.me/n/864400529033,产品数据分析的日常工作,2016-09-27
http://chuansong.me/n/864400629070,超全面的2017校招数据分析岗笔试、面试知识点大总结,2016-09-27
http://chuansong.me/n/864400729044,使用Python抓取美团数据存于Excel中,2016-09-27
http://chuansong.me/n/843348529069,作为大数据工程师，你必须熟练运用的性能优化技术,2016-09-22
http://chuansong.me/n/843348629049,这个干货有点干|常用推荐算法连连看,2016-09-22
http://chuansong.me/n/843348729048,看完会的Python爬虫爬取美剧网站信息,2016-09-22
http://chuansong.me/n/824283729745,一位50万+年薪数据分析师的养成记,2016-09-20
http://chuansong.me/n/824283829766,分析丨大数据看美国大选版图发生天翻地覆的变化,2016-09-20
http://chuansong.me/n/824283929745,有人@你||恭喜你获赠图书一本！！,2016-09-20
http://chuansong.me/n/810412729456,神秘13位编码：用机器学习预测机动车摇号,2016-09-19
http://chuansong.me/n/810412829445,一个亿万富翁数学家的奇特好奇心,2016-09-19
http://chuansong.me/n/810412929424,无休止加班的成因,2016-09-19
http://chuansong.me/n/797456829848,大数据告诉你：公交车上谁是小偷？,2016-09-18
http://chuansong.me/n/797456929849,50款大数据分析神器：你还在用Excel？,2016-09-18
http://chuansong.me/n/757557429373,天天跟Excel打交道，你真的知道Excel数据分析的秘密吗？,2016-09-14
http://chuansong.me/n/757557529336,如何成为一名数据科学家？,2016-09-14
http://chuansong.me/n/757557629363,在大数据时代，每家公司都要有大数据部门吗？,2016-09-14
http://chuansong.me/n/743441429854,电商产品如何依靠用户画像做个性化推荐,2016-09-12
http://chuansong.me/n/743441529857,机器学习的前世今生：一段波澜壮阔的历史,2016-09-12
http://chuansong.me/n/743441629851,这132页PPT被誉为「硅谷最重要的文档」,2016-09-12
http://chuansong.me/n/724127329357,数据解析：打球不用脑？威少就要这么疯！,2016-09-09
http://chuansong.me/n/724127429364,统计知多少|从程序员的角度说统计学习方法概论,2016-09-09
http://chuansong.me/n/724127529351,人人都在鼓吹算法，只可惜80%都用错了,2016-09-09
http://chuansong.me/n/704990829437,大道至简:朴素贝叶斯分类器,2016-09-07
http://chuansong.me/n/704990929466,辛苦拉来的用户，你忍心看他们白白“漏“掉吗？,2016-09-07
http://chuansong.me/n/704991029445,聪明的数据分析师也会常犯的错误,2016-09-07
http://chuansong.me/n/678873229452,vlookup函数查找12种易犯错误（1~12全集）,2016-09-05
http://chuansong.me/n/678873329454,动画篇 | 学了三年PPT，我才学会如何做PPT,2016-09-05
http://chuansong.me/n/678873429424,用Python看金庸武侠,2016-09-05
http://chuansong.me/n/647177529857,Spark 入门： 如何搭建一个最简单的Spark集群,2016-09-02
http://chuansong.me/n/647177629869,干货！！据说这是一篇帮你快速把握数据分析的文章,2016-09-02
http://chuansong.me/n/647177729845,如何成为一名数据可视化工程师？,2016-09-02
http://chuansong.me/n/632959429648,做数据分析时，你的方法论是什么？,2016-09-01
http://chuansong.me/n/632959529680,影视配角大翻身？先定一个小目标，比如14亿微博话题阅读量,2016-09-01
http://chuansong.me/n/632959629657,从入门到精通：互联网数据分析的书籍清单,2016-09-01
http://chuansong.me/n/610059829754,有了这篇文章，再也不担心“缺失值”了,2016-08-30
http://chuansong.me/n/610059929735,10种制作动态交互图的方法,2016-08-30
http://chuansong.me/n/610060029739,贝叶斯、概率分布与机器学习,2016-08-30
http://chuansong.me/n/605617129875,互联网运营数据分析的十大经典方法，朴实却能解决问题,2016-08-29
http://chuansong.me/n/605617229818,MYSQL 入门全套,2016-08-29
http://chuansong.me/n/605617329854,就这样，Google用机器学习重新定义了自己,2016-08-29
http://chuansong.me/n/580346029439,最生动的数据分析师技能图谱,2016-08-27
http://chuansong.me/n/580346129449,中国女排金牌背后的互联网+数据分析,2016-08-27
http://chuansong.me/n/580346229458,值得一看的PDF、WORD、PPT、TXT转换方法大全！,2016-08-27
http://chuansong.me/n/572966029358,如此酷炫的数据地图，竟然可以0编程完成！,2016-08-26
http://chuansong.me/n/572966129360,基于客户行为事件的跨领域统一推荐模型探讨,2016-08-26
http://chuansong.me/n/572966229348,大数据能够提升用户体验的三个原因,2016-08-26
http://chuansong.me/n/565278929149,贵圈乱吗？R分析揭秘王宝强微博事件,2016-08-25
http://chuansong.me/n/565279029154,数据分析哪家强？听数据分析师论R和Excel,2016-08-25
http://chuansong.me/n/565279129143,收藏版|最全的电子邮件礼仪详解,2016-08-25
http://chuansong.me/n/557780329561,曾经名噪一时的7个搜索引擎：现在都在哪里？,2016-08-24
http://chuansong.me/n/557780429585,在美国干掉Adidas的UA：黑马逆袭靠超级IP？大数据告诉你如何玩！,2016-08-24
http://chuansong.me/n/557780529533,一招，让你的图表逼格飞,2016-08-24
http://chuansong.me/n/548143629056,开发者和IT人士成为数据科学家的学习路线,2016-08-23
http://chuansong.me/n/548143729048,Python下开始数据科学研究的全面指南,2016-08-23
http://chuansong.me/n/548143829050,IT已成为最疯狂的加班行业，没有之一,2016-08-23
http://chuansong.me/n/540945429067,7款免费的词云可视化工具，图表控没有理由拒绝！,2016-08-22
http://chuansong.me/n/540945529051,为你推荐六款强大的开源数据挖掘工具,2016-08-22
http://chuansong.me/n/540945629033,如何真正学好数据科学？,2016-08-22
http://chuansong.me/n/524418529546,从 Excel 盲变大拿，先学会这些技巧,2016-08-19
http://chuansong.me/n/524418629557,王宝强妻子出轨事件时间轴与人物关系梳理,2016-08-19
http://chuansong.me/n/524418729541,追MM的各种算法！你值得拥有！,2016-08-19
http://chuansong.me/n/520822929069,大数据下的新离婚时代，拿什么衡量其情感忠诚度？,2016-08-18
http://chuansong.me/n/520823029054,看数学家如何分析“先有鸡还是先有蛋”,2016-08-18
http://chuansong.me/n/520823129042,数据科学家和工程师的“五诫”,2016-08-18
http://chuansong.me/n/519338429453,距离数据分析师释放洪荒之力还有20天！,2016-08-17
http://chuansong.me/n/519338529469,从数学建模到三国杀——几何分布的期望和方差分析,2016-08-17
http://chuansong.me/n/519338629447,学习笔记：MySQL的常用操作命令整理,2016-08-17
http://chuansong.me/n/512665129078,素材大集合：从哪些网站可以找到优质又满意的免费PPT素材,2016-08-16
http://chuansong.me/n/512665229055,学习之旅：教你如何成为Tableau方面的专家,2016-08-16
http://chuansong.me/n/512665329051,五个最蠢的面试问题，你该怎么回答？,2016-08-16
http://chuansong.me/n/511788329160,干货 | SAS学习途径与相关资源——SAS商业分析,2016-08-15
http://chuansong.me/n/511788429154,工欲善其事必先利其器（数据分析工具）,2016-08-15
http://chuansong.me/n/511788529118,推荐算法概览,2016-08-15
http://chuansong.me/n/508078029824,降龙十八掌之LOOKUP,2016-08-13
http://chuansong.me/n/508078129854,一个计算我的妻子是否怀孕的贝叶斯模型,2016-08-13
http://chuansong.me/n/508078229882,个人信用评分模型构建详解 ——0-1风控信用评分模型建设秘籍,2016-08-13
http://chuansong.me/n/505237129069,看了这些大尺度夜生活内幕，你可能就不想去东莞了,2016-08-12
http://chuansong.me/n/505237229098,R语言模拟美式橄榄球比赛数据分析（5）：模拟多场由计算决定胜负的比赛,2016-08-12
http://chuansong.me/n/505237329046,每个分析师都会遇到的7个面试谜题,2016-08-12
http://chuansong.me/n/501152629145,那些年，一名数据分析师掉过的坑,2016-08-11
http://chuansong.me/n/501152729198,R语言模拟美式橄榄球比赛数据分析（4）：模拟单场由程序决定胜负的比赛,2016-08-11
http://chuansong.me/n/501152829190,因缺思厅：大学各专业分别用一张图解读，你的学科居然是这样的！,2016-08-11
http://chuansong.me/n/497562829456,数据解析：中国最棒的30个运动城市在这里,2016-08-10
http://chuansong.me/n/497562929489,R语言模拟美式橄榄球比赛数据分析（3）：构建度量攻防能力的指标,2016-08-10
http://chuansong.me/n/497563029454,数说奥运 | 里约开幕式热点数据分析报告,2016-08-10
http://chuansong.me/n/495960229760,有哪些一般人不知道的数据获取方式（收藏）,2016-08-09
http://chuansong.me/n/495960329798,R语言模拟美式橄榄球比赛数据分析（2）：分析和理解美式橄榄球比赛数据,2016-08-09
http://chuansong.me/n/495960429760,对方向你投了两门数据分析课程，请点击查收,2016-08-09
http://chuansong.me/n/493534229639,数学在计算机图形学中的应用,2016-08-08
http://chuansong.me/n/493534329698,R语言模拟美式橄榄球比赛数据分析（1）：获取和清理美式橄榄球比赛数据,2016-08-08
http://chuansong.me/n/493534429650,高手教你用Excel制作百度迁徙数据地图,2016-08-08
http://chuansong.me/n/484886029448,数据挖掘 | 请珍惜你身边的“婷婷”,2016-08-06
http://chuansong.me/n/484886129435,开源的SQL on Hadoop 工具比较,2016-08-06
http://chuansong.me/n/484886229460,大数据应用于教育行业的十大案例（国内外）,2016-08-06
http://chuansong.me/n/481541229642,大数据 | 推荐系统的苟且和远方,2016-08-05
http://chuansong.me/n/481541329645,滴滴出行——数据驱动精准化运营,2016-08-05
http://chuansong.me/n/481541429637,使用Python Pandas处理亿级数据,2016-08-05
http://chuansong.me/n/475321429243,大数据与机器学习：2016年中盘点,2016-08-03
http://chuansong.me/n/475321529240,R语言分析老九门到底谁是主角,2016-08-03
http://chuansong.me/n/475321629276,陈冠希和林志玲的事。。。被R语言看穿了，到底谁对谁错,2016-08-03
http://chuansong.me/n/473625829660,想了解机器学习？你需要知道的十个基础算法,2016-08-02
http://chuansong.me/n/473625929647,28页PPT详解腾讯数据挖掘体系及应用,2016-08-02
http://chuansong.me/n/473626029649,关于数据分析，管理者常犯的4个错误,2016-08-02
http://chuansong.me/n/471603229333,大数据建模实操案例分析,2016-08-01
http://chuansong.me/n/471603029337,2016，我们该怎样谈论大数据,2016-08-01
http://chuansong.me/n/471603129369,数据告诉你：金牛最浪双鱼最富，天蝎男最爱姐弟恋,2016-08-01
http://chuansong.me/n/471103729048,【汇总】趣味数据挖掘系列文章合集,2016-07-31
http://chuansong.me/n/471103829027,送书活动中奖名单！,2016-07-31
http://chuansong.me/n/466073829975,数据揭秘北京车牌摇号内幕：摇166年都不中的概率是37%！,2016-07-29
http://chuansong.me/n/466073929961,趣味数据挖掘系列 12 ：数据挖掘中的趣味哲学,2016-07-29
http://chuansong.me/n/466074029939,你的报表和别人家报表的区别,2016-07-29
http://chuansong.me/n/465224929686,趣味数据挖掘系列11：十大算法展辉煌历史，十大问题引锦绣前程,2016-07-28
http://chuansong.me/n/465225029615,最有料|一位程序员偷偷爬取了近10w家公司&amp;100w个招聘职位数据，然后得出了这些结论,2016-07-28
http://chuansong.me/n/465225129658,阿里巴巴的牛逼团队是怎样&#39;炼成&#39;的？,2016-07-28
http://chuansong.me/n/463496429550,趣味数据挖掘系列10：基因表达式编程,2016-07-27
http://chuansong.me/n/463496529513,Just Do IT !!,2016-07-27
http://chuansong.me/n/463496629581,一篇“有味道”的文章：真正的小菇凉敢于直面最难喝的饮料,2016-07-27
http://chuansong.me/n/461742729179,趣味数据挖掘系列9：灯谜、外星殖民、愚公移山和进化计算,2016-07-26
http://chuansong.me/n/461742829162,12种免费思维导图工具助你成为结构化思维专家,2016-07-26
http://chuansong.me/n/461742929127,送书活动倒计时......,2016-07-26
http://chuansong.me/n/458728429884,趣味数据挖掘系列8：农村中学并迁选址、K-平均聚类及蛋鸡悖论,2016-07-25
http://chuansong.me/n/458728529834,运用R分析全唐诗与全宋词,2016-07-25
http://chuansong.me/n/458728629840,技术 | Hadoop 面试，有它就够了,2016-07-25
http://chuansong.me/n/450419629333,我们被举报了，但是......,2016-07-22
http://chuansong.me/n/450419729366,趣味数据挖掘系列 7 ：团拜会与鸡尾酒会上的聚类,2016-07-22
http://chuansong.me/n/450419829346,大数据 VS 大拥堵：大数据治理交通,2016-07-22
http://chuansong.me/n/449663229029,你评论，我送书 | 10本,2016-07-21
http://chuansong.me/n/449663329052,数说微博丨十张图解读2016微博旅游大号,2016-07-21
http://chuansong.me/n/449663429067,趣味数据挖掘系列6：借水浒传故事，释决策树思路,2016-07-21
http://chuansong.me/n/447525529669,趣味数据挖掘 5 ：听妈妈讲过去的故事，分房与分类,2016-07-20
http://chuansong.me/n/447525629651,无污不欢| 一组啪数据让你更懂啪啪啪~,2016-07-20
http://chuansong.me/n/447525729659,10 天 100 小时学数据科学，我推荐你这样学！,2016-07-20
http://chuansong.me/n/443647129585,趣味数据挖掘系列4：巧挖科学博客之均击量公式，兼谈干预规则,2016-07-19
http://chuansong.me/n/443647229525,如何高效地学好R？,2016-07-19
http://chuansong.me/n/443647329545,浅谈电信运营商的大数据应用探索,2016-07-19
http://chuansong.me/n/439345429463,从零开始学数据分析，什么程度可以找到工作？,2016-07-18
http://chuansong.me/n/439345529436,如何写好一份竞品运营分析,2016-07-18
http://chuansong.me/n/439345629489,趣味数据挖掘系列3：一篇 “它引” 上万的大牛论文 与 数据血统论,2016-07-18
http://chuansong.me/n/437216529070,趣味数据挖掘系列2：烤鸭、面饼和甜面酱之朴素关联,2016-07-16
http://chuansong.me/n/437216629077,热搜榜上的数据挖掘||大数据解读南海仲裁案网民阅读行为,2016-07-16
http://chuansong.me/n/437216729049,收藏！！！使用R进行数据挖掘全攻略,2016-07-16
http://chuansong.me/n/436617029066,趣味数据挖掘系列 1 ：“被打”和“北大”的关联,2016-07-15
http://chuansong.me/n/436617129077,独家数据 | 347万次浏览，大数据揭秘腾讯“故宫H5”有多火,2016-07-15
http://chuansong.me/n/436617229041,用Excel做出强大漂亮的数据地图,2016-07-15
http://chuansong.me/n/434811929757,天龙八部：传统企业大数据运营的一些思考,2016-07-14
http://chuansong.me/n/434812029765,拒绝烂图表，Excel商务图标小白篇【附免费模板】,2016-07-14
http://chuansong.me/n/430311829151,传统咨询业必死，拥抱大数据才是未来,2016-07-13
http://chuansong.me/n/430311929158,如何用“事件+明星”直播，创下300万观众？,2016-07-13
http://chuansong.me/n/430312029133,数据科学家在公司的日常,2016-07-13
http://chuansong.me/n/426798229430,常见机器学习算法比较,2016-07-12
http://chuansong.me/n/426798329442,把妹达人也会用上贝叶斯公式？,2016-07-12
http://chuansong.me/n/426798429442,PPT中高大上的图标是怎么做的？,2016-07-12
http://chuansong.me/n/417254429240,从0到1教你搞定Excel公式与函数,2016-07-09
http://chuansong.me/n/417254529251,【通知】送书活动中奖名单新鲜出炉！,2016-07-09
http://chuansong.me/n/417254329277,Spark交通数据分析案例：大型活动大规模人群的检测与疏散,2016-07-09
http://chuansong.me/n/410841429544,互联网行业数据化运营 1：流量篇,2016-07-08
http://chuansong.me/n/410841529544,互联网行业数据化运营 2：转化篇,2016-07-08
http://chuansong.me/n/410841629545,互联网行业数据化运营 3 ：存留篇,2016-07-08
http://chuansong.me/n/410841729545,互联网行业数据化运营 4 ：复购篇,2016-07-08
http://chuansong.me/n/410841829545,互联网行业数据化运营 5 ：流失篇,2016-07-08
http://chuansong.me/n/408879629144,互联网征信+应用场景=征信大数据,2016-07-07
http://chuansong.me/n/408879729136,数据分析师的职业规划之路,2016-07-07
http://chuansong.me/n/408879829143,什么是BI ? 哪些行业需要用到BI？,2016-07-07
http://chuansong.me/n/406172729342,堪称经典：深入浅出傅里叶变换,2016-07-06
http://chuansong.me/n/406172829349,电脑高手常用快捷键——职场装B利器,2016-07-06
http://chuansong.me/n/406172929327,送书最后一天啦！！,2016-07-06
http://chuansong.me/n/404414429831,5种常用的相关分析方法,2016-07-05
http://chuansong.me/n/404414529875,大数据到底是不是“算命”？技术大牛们这样说 | TBO报道,2016-07-05
http://chuansong.me/n/404414629859,一言不合就开送！Excel实用工具书免费大放送,2016-07-05
http://chuansong.me/n/403080529242,大数据能拯救你的爱情生活吗？,2016-07-04
http://chuansong.me/n/403080629252,DataEye数据研究报告：中国车龄分布现状,2016-07-04
http://chuansong.me/n/403080729259,一言不合就开送！Excel实用工具书免费大放送,2016-07-04
http://chuansong.me/n/402374529948,周末的正确打开姿势，你是哪一种？,2016-07-02
http://chuansong.me/n/400650029846,探索推荐系统（附R语言实战案例）,2016-07-01
http://chuansong.me/n/400650129847,一个优秀数据分析师具备的11个特性,2016-07-01
http://chuansong.me/n/400650229850,Excel实用工具书免费大放送，快来！！,2016-07-01
http://chuansong.me/n/396800529437,数据科学工具Weka的学习路径,2016-06-30
http://chuansong.me/n/396800629463,“表哥表姐”看这里☞数据哥给大家送福利啦！,2016-06-30
http://chuansong.me/n/391788829457,互联网行业如何通过数据分析驱动用户增长,2016-06-29
http://chuansong.me/n/391788929465,如何应用Excel制作会讲故事的销售漏斗管理分析仪,2016-06-29
http://chuansong.me/n/391789029442,压箱底的图表技巧，不要白不要,2016-06-29
http://chuansong.me/n/388277929436,浅谈数据分析师的前世今生,2016-06-28
http://chuansong.me/n/388278029472,业界 | 英国脱欧，民众是悲是喜？机器学习告诉你答案,2016-06-28
http://chuansong.me/n/387504729936,数据揭秘：中国姓氏排行榜,2016-06-27
http://chuansong.me/n/385592729090,阿里巴巴官方纪录片《造梦者》发布：马云和他永远的“少年阿里”,2016-06-26
http://chuansong.me/n/379774829078,一篇文章让你看懂数据分析的目的、方法、工具及实际应用,2016-06-24
http://chuansong.me/n/379774929057,大咖看过来，数据分析网专栏作家招募！！,2016-06-24
http://chuansong.me/n/379775029057,有缘人看过来，数据分析网志愿者招募！！,2016-06-24
http://chuansong.me/n/379775129053,加入大数据交流QQ群，开启数据江湖！！,2016-06-24
http://chuansong.me/n/375668929781,永洪科技王桐：学了那么多工具之后，该如何做好数据分析？,2016-06-23
http://chuansong.me/n/375669029754,勇士虽败，但他们背后的数据流派没有输,2016-06-23
http://chuansong.me/n/371964829681,【电商大数据系列】数据化运营 | 数据分析师是怎样养成的？,2016-06-22
http://chuansong.me/n/371964929676,【电商大数据系列】数据化运营 | 数据分析思维入门（1）,2016-06-22
http://chuansong.me/n/371965029676,【电商大数据系列】数据化运营 | 数据分析思维入门（2）,2016-06-22
http://chuansong.me/n/371965129676,【电商大数据系列】数据化运营 | 数据分析思维入门（3）,2016-06-22
http://chuansong.me/n/371965229676,【电商大数据系列】数据化运营 | 数据分析思维入门（4）,2016-06-22
http://chuansong.me/n/370298929230,数学中的“罗辑思维”,2016-06-20
http://chuansong.me/n/368077129151,【新人必看】送给新人的商业智能指南,2016-06-16
http://chuansong.me/n/365281329855,入职阿里巴巴数据分析师，我用了1年时间,2016-06-13
http://chuansong.me/n/364338829251,大嘴巴漫谈数据挖掘——经典案例赏析,2016-06-12
http://chuansong.me/n/364338929258,【交流】数据分析网旗下技能交流Q群欢迎你,2016-06-12
http://chuansong.me/n/361587729446,【技能】R语言进行交互数据可视化,2016-06-07
http://chuansong.me/n/361587829457,【通知】微信送书活动中奖名单新鲜出炉！,2016-06-07
http://chuansong.me/n/361587929458,【交流】数据分析网旗下技能交流Q群欢迎你,2016-06-07
http://chuansong.me/n/358977829961,技能|数据分析湿有没有办法不加班或少加班？,2016-06-05
http://chuansong.me/n/358977929963,车品觉独家分享：那些年，我在阿里决战大数据,2016-06-05
http://chuansong.me/n/358978029944,交流|数据分析网旗下技能交流Q群,2016-06-05
http://chuansong.me/n/358640029239,数据科学家必备工具有哪些？,2016-06-04
http://chuansong.me/n/358640129245,【倒计时】送书活动今日截止！！,2016-06-04
http://chuansong.me/n/355984429033,产品经理的数据分析能力,2016-06-01
http://chuansong.me/n/355984529041,送书 | 20本数据挖掘书籍免费送,2016-06-01
http://chuansong.me/n/354518029763,数据分析狮：你有多久没有收到儿童节的礼物？,2016-05-31
http://chuansong.me/n/351353429439,我为什么要向你安利大数据？,2016-05-27
http://chuansong.me/n/351353529445,【慎点】你是不是已经等不及了？,2016-05-27
http://chuansong.me/n/349924729139,10个小Tips开启你的大数据之旅,2016-05-26
http://chuansong.me/n/349924829166,【活动报名】大嘴巴漫谈：数据挖掘经典案例赏析,2016-05-26
http://chuansong.me/n/348399729960,【原创译文】数据科学是一种自由的艺术吗？,2016-05-25
http://chuansong.me/n/348399829966,【活动报名】大嘴巴漫谈：数据挖掘经典案例赏析,2016-05-25
http://chuansong.me/n/346680929333,从零开始教你做扁平化ppt,2016-05-24
http://chuansong.me/n/346681029366,【活动报名】大嘴巴漫谈：数据挖掘经典案例赏析,2016-05-24
http://chuansong.me/n/344688829566,【活动报名】大嘴巴漫谈：数据挖掘经典案例赏析,2016-05-23
http://chuansong.me/n/339846529460,大数据分析：哪个城市乘坐地铁被挤成沙丁鱼,2016-05-19
http://chuansong.me/n/336056029160,【干货】机器学习资料整理，收藏了不后悔！,2016-05-18
http://chuansong.me/n/334086229554,详解数据分析的一般步骤及业务分析方法,2016-05-16
http://chuansong.me/n/330568529945,【好资源】深度学习入门资源索引,2016-05-12
http://chuansong.me/n/330568629933,不敢说情怀，真的有温度,2016-05-12
http://chuansong.me/n/326817029052,学习R语言，一篇文章让你从懵圈到入门,2016-05-10
http://chuansong.me/n/322698629750,从无到有，如何21天搭建一个推荐系统,2016-05-09
http://chuansong.me/n/322596229069,【母亲节】用数据解读：母亲的时间，都去哪儿了？,2016-05-08
http://chuansong.me/n/317253429746,数据分析师这个职业，是你的菜吗?,2016-05-04
http://chuansong.me/n/316710729751,数据狗工作前后的差别，你中枪了吗？,2016-05-03
http://chuansong.me/n/304445129068,阿里云可视化大赛？不就是用Excel做个图表而已吗？,2016-04-28
http://chuansong.me/n/297420729863,机器学习揭秘47万微信群背后的数字以及9大规律,2016-04-25
http://chuansong.me/n/289317329836,谷歌是怎样玩转大数据的？,2016-04-21
http://chuansong.me/n/286197629367,机器学习工程师必备的5项基本技能，你都get了吗？,2016-04-19
http://chuansong.me/n/2846614,友谊的小船、科比退役......下一个火起来的将是它！,2016-04-15
http://chuansong.me/n/2840716,科比大数据：最爱姚明瓦妮莎，凌晨4点美如画,2016-04-14
http://chuansong.me/n/2840717,数据分析网招募志愿者 | 来这里，跨入一个神奇的世界,2016-04-14
http://chuansong.me/n/2836640,爬取QQ空间3000万用户，玩玩大数据分析,2016-04-13
http://chuansong.me/n/2836641,数据分析网招募志愿者 | 来这里，跨入一个神奇的世界,2016-04-13
http://chuansong.me/n/2832648,数据分析网招募志愿者 | 来这里，跨入一个神奇的世界,2016-04-12
http://chuansong.me/n/2823566,如何看懂 Gartner 魔力象限？再度解析 Gartner 2016商业智能与分析平台魔力象限,2016-04-09
http://chuansong.me/n/2818358,写给CEO们：如何打造一支属于自己的数据科学团队？,2016-04-08
http://chuansong.me/n/2808753,陌陌最新发布《中国网民熬夜报告》：00后成为主力军,2016-04-06
http://chuansong.me/n/2802519,2016职场大数据：摩羯座最稳定，跳槽频率最低，狮子座最不稳定，跳槽频率最高,2016-04-05
http://chuansong.me/n/2781092,企业的数据分析能力金字塔：传统行业如何“玩”大数据？,2016-03-31
http://chuansong.me/n/2766826,如何做数据分析挖掘—以电信行业为例,2016-03-29
http://chuansong.me/n/2762804,大数据工作职位所需的数据场技能包,2016-03-28
http://chuansong.me/n/2749549,数据挖掘问答精选收藏,2016-03-25
http://chuansong.me/n/2745144,TA是什么“鬼”？一个优秀数据科学家的主要构成特点,2016-03-24
http://chuansong.me/n/2745145,麦肯锡方法---十种高效思考方式,2016-03-24
http://chuansong.me/n/2740306,【干货】数据分析师的真实写照：写给喜欢数据分析的初学者,2016-03-23
http://chuansong.me/n/2720991,到底有多少种「搞数据的」，你凌乱过吗？,2016-03-22
http://chuansong.me/n/2672225,数据分析师是怎么被“养大的”？,2016-03-14
http://chuansong.me/n/2672226,你造吗？数据哥有一个好消息要告诉你......,2016-03-14
http://chuansong.me/n/2669824,在twitter搞数据科学是怎样一种体验？,2016-03-13
http://chuansong.me/n/2609463,甲方？乙方？-数据分析师的职业选择,2016-03-07
http://chuansong.me/n/2578709,面试干货！21个必知数据科学面试题和答案part2（12-21）,2016-03-04
http://chuansong.me/n/2570132,面试干货！21个必知数据科学面试题和答案part1（1-11）,2016-03-03
http://chuansong.me/n/2553704,【R】如何确定最适合数据集的机器学习算法,2016-03-02
http://chuansong.me/n/2248217,你的数据会说话吗？数据报告类PPT演讲要点,2016-01-25
http://chuansong.me/n/2219346,让数据决策你的行为——拉勾网数据分析,2016-01-22
http://chuansong.me/n/2219347,有数据的地方，就有江湖,2016-01-22
http://chuansong.me/n/2216163,阿里云放大招了！一口气发布20款大数据产品,2016-01-21
http://chuansong.me/n/2216164,全球独角兽数据报告：中国33家,2016-01-21
http://chuansong.me/n/2212976,如何处理亿级数据？读完这篇文章你也会,2016-01-20
http://chuansong.me/n/2204660,数据科学的完整学习路径—Python版,2016-01-19
http://chuansong.me/n/2204661,技术贴 | 为什么你永远做不出一张高逼格图表？,2016-01-19
http://chuansong.me/n/2185967,一个有情怀的网站,2016-01-18
http://chuansong.me/n/2166605,单身数学家如何通过数据挖掘找真爱,2016-01-15
http://chuansong.me/n/2162658,20张图片完美捕捉数据科学发展的瞬间,2016-01-14
http://chuansong.me/n/2159341,机器学习算法一览,2016-01-13
http://chuansong.me/n/2159342,据说，真正的聪明人，这个测试全答错了,2016-01-13
http://chuansong.me/n/2152022,数据图处处有陷阱?五个案例教你轻松辨真伪,2016-01-12
http://chuansong.me/n/2152023,张小龙首次公开演讲（官方无删减版）,2016-01-12
http://chuansong.me/n/2136829,数据科学技能，你掌握了多少？,2016-01-11
http://chuansong.me/n/2136830,学会这样做PPT，分分钟让你升职加薪,2016-01-11
http://chuansong.me/n/2126725,同志们再等等，三四月份跳槽加薪才最多,2016-01-08
http://chuansong.me/n/2126726,大数据三重门,2016-01-08
http://chuansong.me/n/2123506,星球大战与Python之间的那些事,2016-01-07
http://chuansong.me/n/2121369,对比DOTA2，如何将英雄联盟的价值再放大一倍?答案是数据,2016-01-06
http://chuansong.me/n/2121370,本科生和研究生毕业后，薪资差距有多大？,2016-01-06
http://chuansong.me/n/2117026,如何用30天实现一整年的新年计划？,2016-01-05
http://chuansong.me/n/2113121,数据不会说谎，说谎的是采集数据的方式,2016-01-04
http://chuansong.me/n/2105444,分析的未来：2016年分析领域5大预测,2016-01-01
http://chuansong.me/n/2104425,6千万条数据记录，211种文件转换：社会发展类公开数据清单,2015-12-31
http://chuansong.me/n/2101089,讲真，Excel有时候比钻戒有用,2015-12-30
http://chuansong.me/n/2098067,脸书、推特、谷歌和Instagram眼中的2015，是怎样的精彩,2015-12-29
http://chuansong.me/n/2087669,从机器学习谈起,2015-12-28
http://chuansong.me/n/2080449,如何让Hadoop结合R语言做统计和大数据分析?,2015-12-25
http://chuansong.me/n/2076100,算法的秘密：听世纪佳缘攻城狮讲故事,2015-12-23
http://chuansong.me/n/2073223,在“北上广”打拼是怎样一种体验？,2015-12-22
http://chuansong.me/n/2066964,有没有主宰世界的主算法?,2015-12-21
http://chuansong.me/n/2066965,100小时成为数据分析师,2015-12-21
http://chuansong.me/n/2055515,机器学习在大数据分析上成绩斐然，却令数学家大惑不解,2015-12-18
http://chuansong.me/n/2055516,21世纪最性感的职业：数据,2015-12-18
http://chuansong.me/n/2050387,数据分析基础内容介绍 — 模型、工具、统计、挖掘与展现,2015-12-17
http://chuansong.me/n/2050388,【盘点】2016雇主吸引力报告：BAT中大家最想去阿里,2015-12-17
http://chuansong.me/n/2046564,IDC对2016年大数据、云计算等领域的7个预测,2015-12-16
http://chuansong.me/n/2037447,大数据时代装13指南,2015-12-14
http://chuansong.me/n/2037448,10个值得收藏的Excel技巧,2015-12-14
http://chuansong.me/n/2013488,你真的了解可视化吗？——读图时代可视化及其技术分析,2015-12-11
http://chuansong.me/n/2013489,一大波常用函数公式，不看就真亏了,2015-12-11
http://chuansong.me/n/2009360,数据是你的生命线，请待她如待初恋,2015-12-10
http://chuansong.me/n/2009361,2015我们为什么买单？淘宝大数据解读中国消费趋势（80页PPT）,2015-12-10
http://chuansong.me/n/2006555,用Python抢抢过年火车票！,2015-12-09
http://chuansong.me/n/2006556,12306 的验证码，已经击败了全国 99% 的购票者,2015-12-09
http://chuansong.me/n/2005442,对“山羊月”的一篇文章未经授权使用致歉申明,2015-12-08
http://chuansong.me/n/1953358,数据分析师，看过这个故事，你还有什么理由不努力？,2015-11-22
http://chuansong.me/n/1951638,为什么进赌场总是输?数据告诉你答案,2015-11-21
http://chuansong.me/n/1951639,EXCEL 水平与加班,2015-11-21
http://chuansong.me/n/1948882,50个数据可视化工具盘点,2015-11-20
http://chuansong.me/n/1948883,PPT内功心法！从零开始教你制作有设计感的PPT,2015-11-20
http://chuansong.me/n/1945773,说说数据分析的数据敏感性?,2015-11-19
http://chuansong.me/n/1945774,数据产品的前世今生,2015-11-19
http://chuansong.me/n/1942827,白话大数据，多么痛的领悟,2015-11-18
http://chuansong.me/n/1942828,没有大数据的产品化思维，怎么谈数据分析？,2015-11-18
http://chuansong.me/n/1933536,【好文推荐】数据科学领域的职位划分以及职责技能,2015-11-17
http://chuansong.me/n/1933537,如何用大数据展示情绪…,2015-11-17
http://chuansong.me/n/1933538,十款被人忽视的堪称神器的软件，好用又实用,2015-11-17
http://chuansong.me/n/1927652,如何利用数据来支撑设计？,2015-11-16
http://chuansong.me/n/1927653,手游运营基本功：数据分析工作的内容与要求,2015-11-16
http://chuansong.me/n/1919575,分享 | 数据挖掘工作总结（职业篇）,2015-11-13
http://chuansong.me/n/1915092,【绝对干货】60款顶级大数据开源工具，总有一款适合你！,2015-11-12
http://chuansong.me/n/1915093,数据说话：BAT缩招会影响互联网人跳槽吗？,2015-11-12
http://chuansong.me/n/1902704,Python数据分析与挖掘学习路线图,2015-11-11
http://chuansong.me/n/1902705,“数据泛滥”下的大数据分析报告该怎么写？,2015-11-11
http://chuansong.me/n/1902706,震惊 | 双11来了，电商会把假货发给谁？,2015-11-11
http://chuansong.me/n/1902707,大数据告诉你，双十一到底买什么？,2015-11-11
http://chuansong.me/n/1899734,数据科学家：站在大数据金字塔尖的人,2015-11-10
http://chuansong.me/n/1896807,分享 | 如何一步步从数据产品菜鸟走到骨干数据产品,2015-11-09
http://chuansong.me/n/1895790,13个原因告诉你：为什么你的大脑那么喜欢图表？,2015-11-08
http://chuansong.me/n/1893686,大数据告诉你，中国互联网到底发展成什么样了,2015-11-07
http://chuansong.me/n/1889845,张溪梦：数据分析师是怎样的一种人生？,2015-11-06
http://chuansong.me/n/1886977,大曝光：Facebook内部高效工作PPT指南,2015-11-05
http://chuansong.me/n/1884094,干货 | 50个逆天功能，看完变Excel绝顶高手！,2015-11-04
http://chuansong.me/n/1867764,干货 | 数据分析师入门：第一份数据报告的诞生,2015-11-03
http://chuansong.me/n/1867765,分享 | 我的数据挖掘之路——从菜鸟到实战,2015-11-03
http://chuansong.me/n/1864982,干货 | 数据可视化的艺术——用图表吸引目光,2015-11-02
http://chuansong.me/n/1864983,大数据告诉你：要不要生二胎？,2015-11-02
http://chuansong.me/n/1864984,号外 | 数据分析精选网站隆重上线，让大数据更简单,2015-11-02
http://chuansong.me/n/1857269,谁是下一个BAT？新巨头崛起是大概率事件,2015-10-30
http://chuansong.me/n/1857270,分享 | 拨开大数据的迷雾,2015-10-30
http://chuansong.me/n/1854419,从拉勾网爬的招聘数据 解析中国数据挖掘人才能挣多少钱,2015-10-29
http://chuansong.me/n/1854420,沈艳：大数据分析的光荣与陷阱——从谷歌流感趋势谈起,2015-10-29
http://chuansong.me/n/1851530,【职场】在老板眼里，什么样的才算是好员工？,2015-10-28
http://chuansong.me/n/1851531,【干货】大数据研究常用软件工具与应用场景,2015-10-28
http://chuansong.me/n/1848806,美国大数据工程师面试攻略有哪些？,2015-10-27
http://chuansong.me/n/1848807,大数据告诉您北京各环人数几多？房价几何？外地买几成？,2015-10-27
http://chuansong.me/n/1848808,【实用】PDF、WORD、PPT、TXT转换方法，这些你都会了吗？,2015-10-27
http://chuansong.me/n/1845987,【干货】如何系统地学习数据挖掘？,2015-10-26
http://chuansong.me/n/1845988,微信官方发布2015微信生活白皮书，你一定没想到！,2015-10-26
http://chuansong.me/n/1845989,【实用】这篇文章，送给曾经对着Excel痛哭的你,2015-10-26
http://chuansong.me/n/1844967,【一周热点】大数据分析行业资讯回顾,2015-10-25
http://chuansong.me/n/1844968,【好文精选】R语言超强资源&amp;超霸气的Office 2016新图表......,2015-10-25
http://chuansong.me/n/1844969,【资料汇总】数据分析资料干货精选,2015-10-25
http://chuansong.me/n/1837843,2015 Bossie评选：最佳开源大数据工具,2015-10-23
http://chuansong.me/n/1837844,大数据分析300万样本中的弱密码规律：你的密码安全吗？,2015-10-23
http://chuansong.me/n/1837845,超霸气的Office 2016新图表（续）,2015-10-23
http://chuansong.me/n/1833756,【赞】学习R语言超强资源，值得收藏！,2015-10-22
http://chuansong.me/n/1833757,13个营销大数据告诉你，如何“俘获”90后,2015-10-22
http://chuansong.me/n/1833758,超霸气的Office 2016新图表,2015-10-22
http://chuansong.me/n/1830896,【热评】数据证明“老人摔倒可以扶”？你听说过“扶老人险”吗？,2015-10-21
http://chuansong.me/n/1824518,想提高效率，就别再做这7件事了,2015-10-20
http://chuansong.me/n/1824519,【干货】Excel公式大全，高手进阶必备！,2015-10-20
http://chuansong.me/n/1821885,2016应届生薪酬高校竞争力排行榜,2015-10-19
http://chuansong.me/n/1821886,【福利驾到】免费送书活动又来啦！,2015-10-19
http://chuansong.me/n/1819909,大数据告诉你要不要当公务员？,2015-10-18
http://chuansong.me/n/1819910,【数据分析精选周刊】大数据行业最新资讯回顾,2015-10-18
http://chuansong.me/n/1819911,【数据分析精选周刊】数据分析精选好文推荐,2015-10-18
http://chuansong.me/n/1814616,【干货】电商数据分析基础指标体系大全,2015-10-16
http://chuansong.me/n/1814617,你真的不了解我们这个星球----涨姿势的大数据,2015-10-16
http://chuansong.me/n/1811075,马云谈第三次技术革命：走向DT时代是真正大释放（附马云演讲全文）,2015-10-15
http://chuansong.me/n/1811076,大数据告诉你：“一只大虾”是如何破坏城市形象的?,2015-10-15
http://chuansong.me/n/1811077,一张报表奋斗N晚？数据分析对它说“NO”,2015-10-15
http://chuansong.me/n/1808250,【视频】秒懂！什么是大数据？,2015-10-14
http://chuansong.me/n/1808251,数据：65个中国人养活一个美国人！,2015-10-14
http://chuansong.me/n/1805645,总结丨我在京东做产品经理的这九十九天,2015-10-13
http://chuansong.me/n/1805646,大数据营销的三大流派：刻舟求剑、叶公好龙和甩手掌柜,2015-10-13
http://chuansong.me/n/1801928,数学即音乐，统计即文学,2015-10-12
http://chuansong.me/n/1801929,一个小故事告诉你什么叫大数据？！什么是互联网思维？！,2015-10-12
http://chuansong.me/n/1794907,干货 | 深度解析大数据可视化设计案例分析,2015-10-10
http://chuansong.me/n/1794908,电商数据分析：成本，效率，效果,2015-10-10
http://chuansong.me/n/1794909,图说：未来会变成什么样子？你一定要了解的大数据世界,2015-10-10
http://chuansong.me/n/1791838,数据|一张图解读美团与大众点评抱团——惹了谁？将干掉谁！,2015-10-09
http://chuansong.me/n/1791839,机器学习、数据挖掘、人工智能、统计模型这么多概念有何差异？,2015-10-09
http://chuansong.me/n/1791840,2015应届生薪酬待遇，还没看完就哭晕在厕所了…,2015-10-09
http://chuansong.me/n/1788726,营销人必看的四个数据营销方法论，你知道几个？,2015-10-08
http://chuansong.me/n/1780394,做设计，是听从直觉，还是听从数据？,2015-10-06
http://chuansong.me/n/1778764,干货：业务对数据需求的四大层次,2015-10-05
http://chuansong.me/n/1769185,技术癖｜让效率“爆表”的49个数据可视化工具,2015-10-04
http://chuansong.me/n/1762839,【干货】EXCEL中高级数据分析功能介绍,2015-10-02
http://chuansong.me/n/1761094,看麦肯锡如何分析中国城市群,2015-10-01
http://chuansong.me/n/1758065,数据|视频江湖之综艺篇：版权一超多强自制三国鼎立,2015-09-30
http://chuansong.me/n/1758066,大数据告诉你北上广深谁最苦最累最拼命？,2015-09-30
http://chuansong.me/n/1755192,【有人@你】传递数据背后的故事——图表设计,2015-09-29
http://chuansong.me/n/1755193,职场“35岁现象”：如何面对职场生死线？,2015-09-29
http://chuansong.me/n/1745625,【案例】手把手教你用Excel2007利用RFM细分客户群,2015-09-28
http://chuansong.me/n/1745626,【干货】高大上——显示最高、最低值的图表,2015-09-28
http://chuansong.me/n/1741671,用数据说话：什么才是最动人的中秋节礼物？,2015-09-26
http://chuansong.me/n/1737560,康熙的数学思想与周易互联网思维,2015-09-25
http://chuansong.me/n/1737561,【干货】大数据安全工具与技巧合集,2015-09-25
http://chuansong.me/n/1737562,作为一个高大上的数据分析师，如何选择合适的公司？,2015-09-25
http://chuansong.me/n/1734846,【干货】为什么你的数据分析那么好，图表做得那么烂？,2015-09-24
http://chuansong.me/n/1734847,大数据思考：这是一个最好的时代，这是一个最坏的时代,2015-09-24
http://chuansong.me/n/1734848,【案例】数据分析也要讲究打组合拳,2015-09-24
http://chuansong.me/n/1731640,从零开始，成为数据科学“大咖”,2015-09-23
http://chuansong.me/n/1731641,大数据之父舍恩伯格：互联网比你更了解你,2015-09-23
http://chuansong.me/n/1731642,【荐读】通过这25本书看懂大数据与大未来,2015-09-23
http://chuansong.me/n/1729067,据说看懂的都是excel高手：VLOOKUP和他的家人们,2015-09-22
http://chuansong.me/n/1729068,【资源】14种机器学习常见算法分类汇总！,2015-09-22
http://chuansong.me/n/1729069,【案例】数据如何指导产品设计,2015-09-22
http://chuansong.me/n/1723518,【推荐】他颠覆了美国教育，拒绝了10亿美元，比尔盖茨都捧着他,2015-09-20
http://chuansong.me/n/1723519,楚汉争霸格局因为大数据而改变？,2015-09-20
http://chuansong.me/n/1723520,【好文！有趣】戏说大数据 感受数据的力量,2015-09-20
http://chuansong.me/n/1721152,生儿子幸福还是生女儿幸福？让大数据告诉你！,2015-09-19
http://chuansong.me/n/1721153,2015年中国互联网、社交和移动数据报告,2015-09-19
http://chuansong.me/n/1717803,【干货】七种回归分析技术，学了不后悔，学了不吃亏,2015-09-18
http://chuansong.me/n/1717804,十一个数据告诉你职场小伙伴有多重要,2015-09-18
http://chuansong.me/n/1717805,【推荐】大数据为你解读周星驰电影里那些你不知道的故事,2015-09-18
http://chuansong.me/n/1709933,数据、大数据及其本质是什么？,2015-09-16
http://chuansong.me/n/1709934,干货|五款免费的安全分析工具,2015-09-16
http://chuansong.me/n/1709935,【观点】大数据？我们可能只是在努力实现两百年前拉普拉斯的预言,2015-09-16
http://chuansong.me/n/1709936,【送书】转发即有机会获得图书一本！,2015-09-16
http://chuansong.me/n/1706699,一个数据科学家的自白：为什么我喜欢数据和分析,2015-09-15
http://chuansong.me/n/1706700,【数据】做数据分析不得不看的书有哪些？,2015-09-15
http://chuansong.me/n/1706701,2015移动互联发展指数：三线以下城市用户增速高达41.5%,2015-09-15
http://chuansong.me/n/1704025,达则兼妓天下，穷则独占妻身——论大数据教的起源,2015-09-14
http://chuansong.me/n/1704026,【盘点】中国大数据企业不完全列表！,2015-09-14
http://chuansong.me/n/1704027,【粉丝福利】转发送书活动！！赶快行动吧！,2015-09-14
http://chuansong.me/n/1701897,【干货】16种结构分析可视化方式,2015-09-13
http://chuansong.me/n/1701898,多图技术贴：深入浅出解析大数据平台架构,2015-09-13
http://chuansong.me/n/1701899,【轻松一刻】来看关于数据分析和产品的冷笑话,2015-09-13
http://chuansong.me/n/1689765,大数据分析到底需要多少种工具,2015-09-11
http://chuansong.me/n/1689766,数据不在大，而在于完整,2015-09-11
http://chuansong.me/n/1689767,【图说】国民阅读大数据 你一年读几本书？,2015-09-11
http://chuansong.me/n/1686590,干货丨BAT三巨头开挖大数据——百度腾讯阿里大数据优劣势与策略分析,2015-09-10
http://chuansong.me/n/1686591,20个大家应该知道的大数据资源,2015-09-10
http://chuansong.me/n/1686592,论政府开放数据的意义及大数据背后是个万亿市场,2015-09-10
http://chuansong.me/n/1681879,创业公司怎么搞大数据？,2015-09-08
http://chuansong.me/n/1681880,爱数据：数据行业首款APP上线,2015-09-08
http://chuansong.me/n/1664300,张溪梦：用数据创造商业价值,2015-09-02
http://chuansong.me/n/1664301,大数据工具和数据分析资料汇总,2015-09-02
http://chuansong.me/n/1660643,纽约时报：如何打造新一代推荐系统,2015-09-01
http://chuansong.me/n/1660644,统计学家怎么看数据分析,2015-09-01
http://chuansong.me/n/1649385,数据分析经典图书：我们都该学点统计学？,2015-08-27
http://chuansong.me/n/1649386,2015CDAS中国数据分析师行业峰会，诚邀您的参与！！,2015-08-27
http://chuansong.me/n/1649387,食人族：叫你不要吃做BI的,2015-08-27
http://chuansong.me/n/1646479,小蚊子：如何成为一名合格的数据分析师？,2015-08-26
http://chuansong.me/n/1634219,数据分析入门专题,2015-08-22
http://chuansong.me/n/1634220,数据分析师的职业介绍,2015-08-22
http://chuansong.me/n/1634221,数据分析师的基本素质,2015-08-22
http://chuansong.me/n/1634222,数据分析能力的8个等级,2015-08-22
http://chuansong.me/n/1634223,数据分析葵花宝典,2015-08-22
http://chuansong.me/n/1634224,数据分析经典图书大全,2015-08-22
http://chuansong.me/n/1626929,2015网络自制节目大阅兵：爆发&amp;升级,2015-08-20
http://chuansong.me/n/1626930,2015CDAS中国数据分析师行业峰会，诚邀您的参与！！,2015-08-20
http://chuansong.me/n/1626931,App的数据分析怎么做？,2015-08-20
http://chuansong.me/n/1614561,移动互联网：如何把安装用户“盘活”？,2015-08-15
http://chuansong.me/n/1606969,【推荐】60款顶级大数据开源工具一览,2015-08-12
http://chuansong.me/n/1606970,强大的SWOT分析，一图教你职业定位及规划！,2015-08-12
http://chuansong.me/n/1587006,深入浅出数据分析师,2015-08-06
http://chuansong.me/n/1582254,移动互联网：如何通过数据指标来分辨真假用户？,2015-08-01
http://chuansong.me/n/1556395,【PPT】张梦溪：如何用大数据分析创造商业价值,2015-07-21
http://chuansong.me/n/1537778,王石：不要在我面前说“大数据”,2015-07-15
http://chuansong.me/n/1514344,你的老婆是怎么算出来的？,2015-07-07
http://chuansong.me/n/1510232,十个有趣的“大数据”经典数据挖掘案例,2015-07-06
http://chuansong.me/n/1490360,【连看三遍】加班狗是怎样炼成的？,2015-06-28
http://chuansong.me/n/1490361,大数据分析师:啥时候说Yes啥时候该说No?,2015-06-28
http://chuansong.me/n/1469383,指导：怎么从菜鸟成为一个数据科学家？,2015-06-19
http://chuansong.me/n/1469384,【知乎】想学统计学需要掌握哪些知识？,2015-06-19
http://chuansong.me/n/1469385,【呵呵】你觉得做数据分析有什么好处？,2015-06-19
http://chuansong.me/n/1460922,如何成为一家数据驱动型公司？,2015-06-15
http://chuansong.me/n/1460923,【探讨】怎么面试一位架构师？,2015-06-15
http://chuansong.me/n/1460924,【面试】IBM面试题：一个人花8块钱买了一只鸡,9元卖出,2015-06-15
http://chuansong.me/n/1448827,10个到目前都还无法被解释的科学发现,2015-06-10
http://chuansong.me/n/1448828,大数据告诉你：梅西究竟厉害在哪里？,2015-06-10
http://chuansong.me/n/1448829,数据小兵：学习SPSS软件前是否要了解统计学？,2015-06-10
http://chuansong.me/n/1445164,还好我们生的早，不然大学都上不了,2015-06-09
http://chuansong.me/n/1420447,统治世界的十大算法,2015-06-01
http://chuansong.me/n/1411540,【推荐收藏】10款网站数据实时分析工具,2015-05-28
http://chuansong.me/n/1411541,机器学习工作职位需要的7项技能,2015-05-28
http://chuansong.me/n/1408868,到京东大数据展台“挖点金子”,2015-05-27
http://chuansong.me/n/1394378,张溪梦：利用数据分析创造商业价值,2015-05-21
http://chuansong.me/n/1380326,【推荐】从设计到数据——写给非数据人的数据入门,2015-05-15
http://chuansong.me/n/1369534,程序员必须知道的10大基础实用算法及其讲解,2015-05-11
http://chuansong.me/n/1361570,如何用数据来做渠道效果的分析(工具篇),2015-05-08
http://chuansong.me/n/1361571,有钱任性！阿里Q4财报发布 43.13亿用来发年终奖,2015-05-08
http://chuansong.me/n/1361572,苹果出新产品了，库克问马云&quot;我怎么不知道”,2015-05-08
http://chuansong.me/n/1353497,数据告诉你，百万年薪如何炼成,2015-05-05
http://chuansong.me/n/1342524,重磅推荐：29本数据分析师值得一读的经典好书！！,2015-04-30
http://chuansong.me/n/1331693,2015年获得大数据顶尖职位必备的9项技能,2015-04-27
http://chuansong.me/n/1326693,【干货】如何做一个好的数据产品经理？,2015-04-24
http://chuansong.me/n/1318730,多图：揭开京东实时大数据平台的面纱,2015-04-22
http://chuansong.me/n/1306567,你看到的京东首页是如何出炉的？,2015-04-17
http://chuansong.me/n/1304639,文莱王子娶22岁数据分析师 婚礼奢华满眼土豪金,2015-04-16
http://chuansong.me/n/1298309,如何选择合适的数据图表？,2015-04-15
http://chuansong.me/n/1292224,小白学数据分析：怎么做一份数据日报?,2015-04-13
http://chuansong.me/n/1284099,如何用数据看用户行为，驱动产品设计,2015-04-10
http://chuansong.me/n/1278485,数据可视化那些可用的工具和示例,2015-04-09
http://chuansong.me/n/1273583,如何速成数据分析师？,2015-04-08
http://chuansong.me/n/1265194,想提高效率，就别再做这7件事了,2015-04-04
http://chuansong.me/n/1260928,数据挖掘应用案例：RFM模型分析与客户细分,2015-04-02
http://chuansong.me/n/1256741,从阿里巴巴笔试试题看数据分析师的职业要求,2015-03-31
http://chuansong.me/n/1244738,数据挖掘中易犯的10大错误,2015-03-26
http://chuansong.me/n/1236249,跳槽前！你必须要知道的13个对比数据,2015-03-23
http://chuansong.me/n/1235151,PPT：支付宝背后的大数据技术的实践及应用,2015-03-22
http://chuansong.me/n/1225740,数据分析师面试的77个常见问题，你准备好了吗？,2015-03-19
http://chuansong.me/n/1213596,腾讯新闻APP覆盖量行业第一,2015-03-16
http://chuansong.me/n/1213597,一文读懂大数据的黄色小象帮手——Hadoop,2015-03-16
http://chuansong.me/n/1201105,数据热点图告诉你：用户都在看哪里？,2015-03-10
http://chuansong.me/n/1195760,盘点最实用的大数据可视化分析工具,2015-03-08
http://chuansong.me/n/1195761,【爆笑】鞭炮加演技，Duang！！,2015-03-08
http://chuansong.me/n/1191656,用数据说话：悲剧的一生从30岁开始！,2015-03-06
http://chuansong.me/n/1183844,数据告诉你：穹顶之下是什么样的互联网情绪,2015-03-02
http://chuansong.me/n/1160962,马云：未来的世界不是属于IT的,2015-02-16
http://chuansong.me/n/1149319,提高数据分析报告表现力的PPT小技巧,2015-02-10
http://chuansong.me/n/1149320,译见:从无处看世界:大数据的文化意识形态,2015-02-10
http://chuansong.me/n/1137627,陆兆禧谈阿里战略:农村、国际化、大数据,2015-02-05
http://chuansong.me/n/1126631,【干货速递】25页PPT：2014年中国手游市场发展趋势分析,2015-01-31
http://chuansong.me/n/1125629,警务大数据案例：用手机移动数据预测犯罪,2015-01-30
http://chuansong.me/n/1125630,【报告】15张PPT读懂中国电商农村市场,2015-01-30
http://chuansong.me/n/1125631,【财报】阿里高管谈Q3财报:工商局事件对公司有不利影响,2015-01-30
http://chuansong.me/n/1121795,2015中国统计网数据分析沙龙一大波干货来袭,2015-01-29
http://chuansong.me/n/1121796,【干货】如何成为一个合格的数据分析师,2015-01-29
http://chuansong.me/n/1121797,【干货】精准营销中的分析实例解读-沙龙PPT,2015-01-29
http://chuansong.me/n/1121798,【干货】途牛网大数据在途牛网的应用PPT分享,2015-01-29
http://chuansong.me/n/1110116,比尔·盖茨发公开信：预测未来15年将发生的8件事,2015-01-24
http://chuansong.me/n/1107889,腾讯发起数据联盟 驱动营销品效合一,2015-01-23
http://chuansong.me/n/1107890,美国营销专家眼中成功数据分析的三个阶梯,2015-01-23
http://chuansong.me/n/1107891,2015年就能用上Office 2016了,2015-01-23
http://chuansong.me/n/1107892,美团网基于机器学习方法的POI品类推荐算法,2015-01-23
http://chuansong.me/n/1104900,10亿台移动设备的大数据，告诉你移动互联网已是年轻人天下,2015-01-22
http://chuansong.me/n/1103136,大数据终极应用：看大数据如何成就美国总统,2015-01-21
http://chuansong.me/n/1103137,怎样合理地定义用户流失,2015-01-21
http://chuansong.me/n/1091947,大数据告诉你谁最有钱？,2015-01-16
http://chuansong.me/n/1013335,数据科学家是什么样一个存在呢?,2014-12-24
http://chuansong.me/n/1001128,【目录】数据分析精彩内容（20141215更新）,2014-12-19
http://chuansong.me/n/990286,【长文】QQ大数据及其应用介绍PPT,2014-12-15
http://chuansong.me/n/990287,【收藏】Excel快捷键,谁用谁知道,2014-12-15
http://chuansong.me/n/990288,【笑翻】请尊重我们这个专业,好么?,2014-12-15
http://chuansong.me/n/981438,十个有趣的“大数据”经典数据挖掘案例,2014-12-10
http://chuansong.me/n/973009,数据分析中,你认为用户行为分析最重要的点是什么?,2014-12-07
http://chuansong.me/n/969150,数据科学家的4种数据科学工作,8项求职技能,2014-12-05
http://chuansong.me/n/955906,大数据透视《西游记》之妖怪分布,2014-11-29
http://chuansong.me/n/955907,阿里首席战略官:活数据、热数据才是大数据,2014-11-29
http://chuansong.me/n/955908,数据分析师的完整知识结构,2014-11-29
http://chuansong.me/n/950522,数据挖掘与数据建模的9个经验之谈,2014-11-27
http://chuansong.me/n/939736,八个愚笨的数据迷思:如果你相信了,会被解雇,2014-11-24
http://chuansong.me/n/939737,实现从数据到观点的五点分享,2014-11-24
http://chuansong.me/n/939738,数据分析做不到的七件事,2014-11-24
http://chuansong.me/n/939739,数据分析三部曲,2014-11-24
http://chuansong.me/n/923689,阿里巴巴大数据:女生胸越大越败家,2014-11-19
http://chuansong.me/n/923690,Data Center Fabric:Facebook的下一代数据中心网络,2014-11-19
http://chuansong.me/n/916950,写给刚入行的数据分析师 有机会走向一线,2014-11-17
http://chuansong.me/n/911428,54张PPT讲述Google的创新逻辑,2014-11-15
http://chuansong.me/n/911258,大数据时代的高考择校,高考派想要做中国的高校版Niche,2014-11-15
http://chuansong.me/n/911259,YotaPhone 2 :普京送给习大大的就是它,2014-11-15
http://chuansong.me/n/911260,数据可视分析中的知识产生模型,2014-11-15
http://chuansong.me/n/906534,是你玩大数据,还是大数据玩你?,2014-11-13
http://chuansong.me/n/906535,【可视化】六家创业公司数据可视化分析,2014-11-13
http://chuansong.me/n/879300,关于大数据的五大误解,2014-11-08
http://chuansong.me/n/879301,【导航】数据分析师的学习导航,2014-11-08
http://chuansong.me/n/861514,说说网站用户的生命周期价值,2014-11-04
http://chuansong.me/n/856700,十大数据挖掘算法及各自优势,2014-11-03
http://chuansong.me/n/848186,文章精选:数据用户需要什么数据?,2014-10-31
http://chuansong.me/n/843334,数据告诉你:提高效率就别做这7件事,2014-10-30
http://chuansong.me/n/843335,即将被大数据改变的十个行业:医疗 环境 交通,2014-10-30
http://chuansong.me/n/836925,写给数据分析师的几点建议?,2014-10-28
http://chuansong.me/n/836926,【入门】小蚊子乐园:数据分析菜鸟入门那些事,2014-10-28
http://chuansong.me/n/836927,【干货】数据发挥价值的10个关键点,2014-10-28
http://chuansong.me/n/828718,Excel公式大全,高手进阶必备!,2014-10-26
http://chuansong.me/n/828719,【职业】数据挖掘工程师面试指南,2014-10-26
http://chuansong.me/n/828720,【收藏】数据123456789,2014-10-26
http://chuansong.me/n/822203,如何系统地学习数据挖掘?,2014-10-24
http://chuansong.me/n/822204,【趣闻】吵架可以降低离婚率,2014-10-24
http://chuansong.me/n/822205,【推荐】大数据的五大误区及其破解之道,2014-10-24
http://chuansong.me/n/822206,【看看】数据分析告诉你,忘掉张碧晨需要多长时间?,2014-10-24
http://chuansong.me/n/818732,怎样从零开始学数据可视化图表制作?,2014-10-23
http://chuansong.me/n/818733,【语言】Python10分钟入门快速教程,2014-10-23
http://chuansong.me/n/818734,【推荐】零售O2O该如何做数据分析?,2014-10-23
http://chuansong.me/n/814324,数据分析师必需具备的10种分析思维,2014-10-22
http://chuansong.me/n/814325,【问题】数据分析师的学习导航,2014-10-22
http://chuansong.me/n/814326,【技能】数据分析师怎么写报告,2014-10-22
http://chuansong.me/n/814327,【职业】程序员如何正确的评估自己的薪资,2014-10-22
http://chuansong.me/n/812218,八个愚笨的数据迷思:如果你相信了,会被解雇,2014-10-21
http://chuansong.me/n/812219,实现从数据到观点的五点分享,2014-10-21
http://chuansong.me/n/812220,数据分析三部曲,2014-10-21
http://chuansong.me/n/812221,数据分析做不到的七件事,2014-10-21
http://chuansong.me/n/809923,一份数据分析告诉你富人为什么有钱?,2014-10-20
http://chuansong.me/n/809924,【问题】数据分析技术哪家强?,2014-10-20
http://chuansong.me/n/809925,【学习】一起来理理网站数据分析的思路,2014-10-20
http://chuansong.me/n/809926,【哲学】一切都是最好的安排,2014-10-20
http://chuansong.me/n/799403,大数据揭秘QQ安全帐号炼成记,2014-10-16
http://chuansong.me/n/799404,怎么培养数据分析的能力?,2014-10-16
http://chuansong.me/n/797589,数据分析离不开情境:Context Relevant依据情境相关性来...,2014-10-15
http://chuansong.me/n/797590,【问题】数据分析技术哪家强?,2014-10-15
http://chuansong.me/n/797591,【电商】阿里巴巴100亿杀入农村市场,2014-10-15
http://chuansong.me/n/790764,阿里巴巴的大数据有多可怕?,2014-10-14
http://chuansong.me/n/790765,生存期到盈利期 开发者如何突破移动商业化难题?,2014-10-14
http://chuansong.me/n/790766,笑喷了!20条关于数学及数据分析的冷笑话,2014-10-14
http://chuansong.me/n/788409,数据小兵:8个案例让数据不再撒谎,2014-10-13
http://chuansong.me/n/788410,车品觉:当数据成为产品,遍地黄金的到来,2014-10-13
http://chuansong.me/n/771985,大数据:诸葛亮和司马懿,谁的信用评分高,2014-10-08
http://chuansong.me/n/771986,【新闻】Alteryx获6千万美元助推数据分析应用建设平台,2014-10-08
http://chuansong.me/n/771987,【案例】＂大＂为＂小＂用--腾讯的大数据应用之道,2014-10-08
http://chuansong.me/n/771988,【观点】大数据,其实一直在路上,2014-10-08
http://chuansong.me/n/729477,大数据时代的调查研究面临四个转变,2014-09-30
http://chuansong.me/n/729478,【涨知识】手机信号G、E、O、3G、H、H+什么意思,2014-09-30
http://chuansong.me/n/729479,【资料】数据分析葵花宝典,2014-09-30
http://chuansong.me/n/729480,【收藏】数据爱好者的网址大全,2014-09-30
http://chuansong.me/n/729481,【开心】数据哥祝大家国庆节快乐,2014-09-30
http://chuansong.me/n/727597,【精彩】一则小故事看产品数据分析,2014-09-29
http://chuansong.me/n/727598,【必备】产品经理实战流程及方法论,2014-09-29
http://chuansong.me/n/727599,【推荐】大数据与数据挖掘的相对绝对关系,2014-09-29
http://chuansong.me/n/727600,【收藏】猎头面试经典30问!收着吧,总会用得到的!,2014-09-29
http://chuansong.me/n/723174,微课堂:大嘴巴漫谈数据挖掘,2014-09-28
http://chuansong.me/n/714562,大数据技术贴:构建一个有指导的数据挖掘模型,2014-09-26
http://chuansong.me/n/708915,经验谈:数据挖掘七步走,2014-09-24
http://chuansong.me/n/703976,知乎问答:不要迷信数据分析,2014-09-23
http://chuansong.me/n/703977,车品觉:如何让数据在产品中“说话”,2014-09-23
http://chuansong.me/n/698210,【必备】数据分析师职业生涯分析,2014-09-21
http://chuansong.me/n/698211,数据分析工具视频教程大全,2014-09-21
http://chuansong.me/n/688489,大数据玩家eBay:如何猜出你的购买欲?,2014-09-18
http://chuansong.me/n/688490,开心一刻,2014-09-18
http://chuansong.me/n/685372,用社群思维和大数据 透视90后的群体特性,2014-09-17
http://chuansong.me/n/676109,数据挖掘不是你想做就能做好的,2014-09-15
http://chuansong.me/n/676110,只有数据爱好者能全看懂的22个内涵笑话,2014-09-15
http://chuansong.me/n/673239,京东的大数据能做什么?,2014-09-14
http://chuansong.me/n/668374,浅析十三种常用的数据挖掘的技术,2014-09-13
http://chuansong.me/n/658579,【wifi下看】阿里巴巴美国上市路演PPT全套分享,2014-09-10
http://chuansong.me/n/658580,【wifi下看】阿里巴巴上市路演宣传片,2014-09-10
http://chuansong.me/n/655833,2014淘宝中秋月饼数据报告,2014-09-08
http://chuansong.me/n/653602,绽放数据之美:数据可视化的七大秘密,2014-09-07
http://chuansong.me/n/650532,每个人都该掌握的数据分析基本术语,2014-09-05
http://chuansong.me/n/650533,如何根据数据类型选择数据分析方法?,2014-09-05
http://chuansong.me/n/646294,深度揭秘腾讯大数据平台,2014-09-03
http://chuansong.me/n/640903,大数据人才到底值钱在什么地方?,2014-09-01
http://chuansong.me/n/640904,【观点】小心大数据的陷阱,2014-09-01
http://chuansong.me/n/627582,如何成为一位数据可视化高手?,2014-08-29
http://chuansong.me/n/627583,《大嘴巴漫谈数据挖掘》送书活动中奖名单,2014-08-29
http://chuansong.me/n/627584,2014年上半年美国风险投资与并购数据概览,2014-08-29
http://chuansong.me/n/620447,【实战】教你如何分析数据开好淘宝店,2014-08-26
http://chuansong.me/n/616723,【经典】数据分析的基本思想,用数据说话!!,2014-08-24
http://chuansong.me/n/585226,在大数据面前,你已一丝不挂!,2014-08-05
http://chuansong.me/n/582534,【必备】数据爱好者必备的Excel操作技巧大全,2014-08-04
http://chuansong.me/n/581567,详解Hadoop分布式计算平台最核心的架构,2014-08-03
http://chuansong.me/n/581568,【活动】送书活动中奖名单新鲜出炉,2014-08-03
http://chuansong.me/n/579506,【七夕必备】如何利用数据分析找到女朋友?,2014-08-01
http://chuansong.me/n/577249,可视化图表表达的10个错误,2014-07-31
http://chuansong.me/n/573449,让图表更具商务气质:使用简洁醒目的字体,2014-07-29
http://chuansong.me/n/573450,苹果承认可提取iPhones用户个人深层数据,2014-07-29
http://chuansong.me/n/572033,让图表更具商务气质:进行巧妙的布局,2014-07-28
http://chuansong.me/n/572034,被玩坏了的“猜你喜欢”,2014-07-28
http://chuansong.me/n/570960,跟“老大爷”学习数据分析,2014-07-27
http://chuansong.me/n/570038,让图表更具商务气质:如何使用专业品质的配色?,2014-07-26
http://chuansong.me/n/568152,一位数据达人的职业规划,2014-07-25
http://chuansong.me/n/568153,娱乐  这都是你“可能感兴趣的人”,2014-07-25
http://chuansong.me/n/568154,观点  你会被大数据歧视吗?,2014-07-25
http://chuansong.me/n/565559,数据分析前提:数据质量的基本要素,2014-07-24
http://chuansong.me/n/563555,老板你造吗,广告费50%都被浪费了,2014-07-23
http://chuansong.me/n/562135,CDO必须知道的十个大数据案例,2014-07-22
http://chuansong.me/n/560635,如何向小白介绍何谓机器学习和数据挖掘?,2014-07-21
http://chuansong.me/n/558625,数据分析师怎么写报告,2014-07-19
http://chuansong.me/n/556777,数据哥送书活动,2014-07-18
http://chuansong.me/n/554480,常见数据挖掘分析方法介绍,2014-07-16
http://chuansong.me/n/554481,你家住几楼？,2014-07-16
http://chuansong.me/n/554482,数据分析师有三宝,2014-07-16
http://chuansong.me/n/552184,数据仓库成熟度模型,2014-07-15
http://chuansong.me/n/549192,常用的数据挖掘方法有哪些？,2014-07-14
http://chuansong.me/n/545591,当大数据遇上世界杯：谷歌成功预测16强,2014-07-12
http://chuansong.me/n/545149,说说到底什么是数据分析？,2014-07-11
http://chuansong.me/n/523791,大数据行业里的两大误区,2014-07-10
http://chuansong.me/n/521632,12款优秀的开源报表工具介绍,2014-07-09
http://chuansong.me/n/521633,数据可视化六步法,2014-07-09
http://chuansong.me/n/519849,来自星星的天才“数据科学家”,2014-07-08
http://chuansong.me/n/519850,蒙牛真果粒：《我是歌手》的真营销,2014-07-08
http://chuansong.me/n/519851,【长文】企业构建大数据体系的六层级,2014-07-08
http://chuansong.me/n/518549,客户细分常见的十大错误,2014-07-07
http://chuansong.me/n/514203,专访QQ大数据团队，谈分布式计算系统开发,2014-07-04
http://chuansong.me/n/512545,数据分析师必备PPT技巧,2014-07-03
http://chuansong.me/n/512546,数据小兵：初学者报表制作5点注意,2014-07-03
http://chuansong.me/n/512547,常用数据挖掘工具简介,2014-07-03
http://chuansong.me/n/504540,数据工作者数据之路：从洞察到行动,2014-06-27
http://chuansong.me/n/500084,听说这是本届世界杯的天机！！,2014-06-25
http://chuansong.me/n/494859,【推荐阅读】为什么九成高管不看数据？,2014-06-24
http://chuansong.me/n/494860,让我们像驯化小狗一样驯化算法,2014-06-24
http://chuansong.me/n/494861,跟我学数据分析：统计数据的类型的划分,2014-06-24
http://chuansong.me/n/494636,浅谈零售行业的数据挖掘,2014-06-23
http://chuansong.me/n/489472,【思考】对于网站分析的四点思考,2014-06-21
http://chuansong.me/n/487982,刘德寰 ：对大数据的几点思考,2014-06-20
http://chuansong.me/n/487046,阿里无线高增长是伪繁荣？【Wifi下阅读】,2014-06-19
http://chuansong.me/n/487047,【职业】一位数据分析师的职业规划,2014-06-19
http://chuansong.me/n/487048,【开心】各厂个性化推荐算法体会,2014-06-19
http://chuansong.me/n/485561,EXCEL十大搞笑操作排行榜,2014-06-18
http://chuansong.me/n/485562,【推荐】你的老板关注什么数据？,2014-06-18
http://chuansong.me/n/485563,跟我学数据分析：统计学上的四种错误,2014-06-18
http://chuansong.me/n/484091,【推荐】如何成为一位数据可视化高手？,2014-06-17
http://chuansong.me/n/484092,【观点】大数据预测世界杯靠谱吗？,2014-06-17
http://chuansong.me/n/484093,跟我学数据分析：什么是中位数？,2014-06-17
http://chuansong.me/n/482229,【文章】客户细分应该注意的7点,2014-06-16
http://chuansong.me/n/482230,【观点】数据分析项目中要避开的四大误区,2014-06-16
http://chuansong.me/n/482231,跟我学数据分析：统计学需要掌握哪些知识？,2014-06-16
http://chuansong.me/n/480887,【观点】如何五步建立有效的数据分析程序？,2014-06-15
http://chuansong.me/n/480888,【推荐】想提高你的工作效率，就别做这7件事情,2014-06-15
http://chuansong.me/n/479992,【文章】数据挖掘的方法有哪些？,2014-06-14
http://chuansong.me/n/479993,【基础】什么是标准差？,2014-06-14
http://chuansong.me/n/479994,【娱乐】大数据时代，我更懂你,2014-06-14
http://chuansong.me/n/477603,【文章】如何系统地学习数据挖掘？,2014-06-13
http://chuansong.me/n/477604,【新闻】Nokia收购数据分析系统Medio，为打造个性化Here地图,2014-06-13
http://chuansong.me/n/477605,跟我学数据分析：数据分析的步骤有哪些？,2014-06-13
http://chuansong.me/n/476372,大数据时代，让我们来聊聊小数据,2014-06-12
http://chuansong.me/n/476373,跟我学数据分析：想学统计学需要掌握哪些知识？,2014-06-12
http://chuansong.me/n/474461,谈数据分析与数据挖掘的企业应用价值,2014-06-11
http://chuansong.me/n/474462,跟我学数据分析：什么是路径分析？,2014-06-11
http://chuansong.me/n/473541,数据分析关键：制定聪明的决策,2014-06-10
http://chuansong.me/n/471893,大数据如何驱动产品创新？,2014-06-09
http://chuansong.me/n/470372,商业智能BI的三个层次--数据报表、数据分析、数据挖掘,2014-06-07
http://chuansong.me/n/469832,【好文推荐】大数据如何在企业落地,2014-06-06
http://chuansong.me/n/469833,当足球遭遇大数据，胜负靠计算还是直觉,2014-06-06
http://chuansong.me/n/469834,世纪佳缘新季亏损，婚恋网站怎么了？,2014-06-06
http://chuansong.me/n/467514,网站分析工具的四重境界,2014-06-05
http://chuansong.me/n/465937,大数据概念是怎么产生?,2014-06-04
http://chuansong.me/n/465938,李彦宏：大数据从火到活是个慢动作,2014-06-04
http://chuansong.me/n/465939,彭蕾兼任阿里CPO，重拾老本行,2014-06-04
http://chuansong.me/n/465940,图书推荐：深入浅出数据分析,2014-06-04
http://chuansong.me/n/464563,机器学习入门阶段程序员易犯的5个错误,2014-06-03
http://chuansong.me/n/464564,向林彪同志学习数据挖掘,2014-06-03
http://chuansong.me/n/461820,你的老板关注什么数据？,2014-05-31
http://chuansong.me/n/461821,数据挖掘案例：考拉FM的个性化数据挖掘和处理,2014-05-31
http://chuansong.me/n/461822,【重要】分享送书活动中奖名单,2014-05-31
http://chuansong.me/n/458560,“量化风投”：用数据挖掘潜在项目,2014-05-28
http://chuansong.me/n/458561,你会被大数据歧视吗？,2014-05-28
http://chuansong.me/n/458562,如何用小数据提升餐厅毛利率,2014-05-28
http://chuansong.me/n/456296,数据分析职业好书推荐有奖活动,2014-05-27
http://chuansong.me/n/454510,大数据实现商业价值的9种方法,2014-05-26
http://chuansong.me/n/454511,刘德寰：对大数据的九点思考,2014-05-26
http://chuansong.me/n/454512,选择数据挖掘作为终身职业是明智之举吗？,2014-05-26
http://chuansong.me/n/451976,创立仅14个月的6Sense，在A轮融资斩获1200万美元，专注于销售与市场智能预测服务,2014-05-24
http://chuansong.me/n/451977,简单实用的电商数据分析方法论,2014-05-24
http://chuansong.me/n/451978,数据质量决定商业智能BI成败,2014-05-24
http://chuansong.me/n/451979,数据乐园：数学谜题,2014-05-24
http://chuansong.me/n/450298,大数据如何应对成长的“烦恼”?,2014-05-23
http://chuansong.me/n/447565,数据分析师求职专题,2014-05-21
http://chuansong.me/n/447566,统计专业毕业可找什么工作？,2014-05-21
http://chuansong.me/n/447567,数据分析师职业要求有哪些？,2014-05-21
http://chuansong.me/n/447568,怎样判断一个人是否适合做数据分析？,2014-05-21
http://chuansong.me/n/447569,数据挖掘工程师面试指南,2014-05-21
http://chuansong.me/n/447570,对数据分析师岗位的四点感想,2014-05-21
http://chuansong.me/n/446456,万达微视跨界恋：商业地产营销进入CPA核准时代,2014-05-20
http://chuansong.me/n/446457,写给数据分析师的几点建议,2014-05-20
http://chuansong.me/n/446458,团购成为O2O主战场,2014-05-20
http://chuansong.me/n/444306,数据挖掘之七种常用的方法,2014-05-19
http://chuansong.me/n/442021,闲谈数据分析师的素养,2014-05-17
http://chuansong.me/n/440336,腾讯视频全面领跑平台用户覆盖及核心用户占比,2014-05-16
http://chuansong.me/n/440337,读懂阿里未来的一个最核心数据,2014-05-16
http://chuansong.me/n/440338,为什么数据分析达不到你的要求,2014-05-16
http://chuansong.me/n/438419,大数据产品到底应该是什么形态？,2014-05-15
http://chuansong.me/n/438420,腾讯自曝：大数据平台的秘密,2014-05-15
http://chuansong.me/n/438421,不是所有“大腿”都可以“抱”,2014-05-15
http://chuansong.me/n/436986,数据分析入门专题,2014-05-14
http://chuansong.me/n/436987,数据分析师的职业介绍,2014-05-14
http://chuansong.me/n/436988,数据分析师的基本素质,2014-05-14
http://chuansong.me/n/436989,数据分析能力的8个等级,2014-05-14
http://chuansong.me/n/436990,数据分析葵花宝典,2014-05-14
http://chuansong.me/n/436991,数据分析经典图书大全,2014-05-14
http://chuansong.me/n/432836,透析：大数据与商业决策之间，究竟是何关系？,2014-05-12
http://chuansong.me/n/432837,资深应用策划的6条建议：一般人我不告诉他！,2014-05-12
http://chuansong.me/n/432838,【号外】数据分析精选网上线了,2014-05-12
http://chuansong.me/n/428796,超级人工智能：大数据的未来？,2014-05-10
http://chuansong.me/n/428797,电影O2O：谁能真正的叫好又叫座？,2014-05-10
http://chuansong.me/n/428798,数据分析工具视频教程大全,2014-05-10
http://chuansong.me/n/428799,【号外】数据分析精选网上线了,2014-05-10
http://chuansong.me/n/427455,移动产品经理需要跟踪app的哪些数据？,2014-05-09
http://chuansong.me/n/427456,用户为何不愿为效率类 App 掏钱？,2014-05-09
http://chuansong.me/n/427457,数据乐园：我是个加班狂,2014-05-09
http://chuansong.me/n/427458,【号外】数据分析精选网上线了,2014-05-09
http://chuansong.me/n/425958,阿里巴巴提交上市为何只融资十亿美元,2014-05-08
http://chuansong.me/n/425959,我是数据分析狮,2014-05-08
http://chuansong.me/n/425960,数据分析不使用Hadoop的五大理由,2014-05-08
http://chuansong.me/n/425961,【号外】数据分析精选网上线了,2014-05-08
http://chuansong.me/n/420514,一位数据达人的职业规划,2014-05-04
http://chuansong.me/n/413492,O‘reilly Strata：数据科学部门如何建立,2014-04-28
http://chuansong.me/n/408133,怎样判断一个人是否适合做数据分析？,2014-04-24
http://chuansong.me/n/402003,网站分析工具的四重境界,2014-04-21
http://chuansong.me/n/372593,魏燕翔：数据化决策如何更靠谱？,2014-04-03
http://chuansong.me/n/364589,大数据分析规模化与产品化的演变与战略,2014-03-28
http://chuansong.me/n/355933,车品觉：大数据这三年,2014-03-21
http://chuansong.me/n/315203,数据分析师，如何在企业中完成数据报告？,2014-02-14
http://chuansong.me/n/315204,阿里估值1280亿美元？路透社是根据乘法算出来的,2014-02-14
http://chuansong.me/n/292136,大数据分析《私人订制》观众群像,2014-01-17
http://chuansong.me/n/251856,【数据科学家专题】数据科学家面试常见的77个问,2013-12-08
http://chuansong.me/n/246692,【数据分析入门专题】数据分析师的基本素质,2013-12-02
http://chuansong.me/n/223471,创新哥：数据分析师是否需要研究如何解决问题？,2013-11-09
http://chuansong.me/n/220892,【20130407】文章精选：数据用户需要什么数据？,2013-11-06
http://chuansong.me/n/216022,漫谈大数据仓库与挖掘系统,2013-11-01
http://chuansong.me/n/216023,许良杰：新浪微博的大数据策略,2013-11-01
http://chuansong.me/n/216024,数据分析部门与业务部门的融合,2013-11-01
http://chuansong.me/n/216025,手游爆发期，开发者如何提高游戏的数据化运营效率？,2013-11-01
http://chuansong.me/n/208095,浅谈数据分析三板斧：看趋势、看分布、看对比,2013-10-23
http://chuansong.me/n/180468,哈佛商业评论：谁来引领中国大数据的发展？,2013-09-19
http://chuansong.me/n/180469,电商数据挖掘：牛奶搭配销售关联算法,2013-09-19
http://chuansong.me/n/180470,大数据：国家竞争的前沿,2013-09-19
http://chuansong.me/n/180471,小数祝亲，中秋节快乐！！,2013-09-19
http://chuansong.me/n/171452,数据分析师是否需要研究如何解决问题？,2013-09-10
http://chuansong.me/n/162635,沈浩老师：谈如何学好数据挖掘？,2013-08-30
http://chuansong.me/n/153159,9款移动应用数据分析工具推荐,2013-08-20
http://chuansong.me/n/147928,中国式的报表与商业智能,2013-08-14
http://chuansong.me/n/146863,数据统计：加班不过七夕，你女朋友是这样想的！,2013-08-13
http://chuansong.me/n/134623,【数据科学家专题】引导说明,2013-07-31
http://chuansong.me/n/119780,【故事】女数据分析师利用挖掘手段挖到小三,2013-07-19
http://chuansong.me/n/109054,【数据科学家专题】引导说明,2013-07-11
http://chuansong.me/n/94117,【数据分析入门专题】引导说明,2013-07-02
http://chuansong.me/n/86156,【20130627】扯扯数据分析,2013-06-27
http://chuansong.me/n/67030,【20130611】网站数据分析：新老用户分析,2013-06-11
http://chuansong.me/n/65306,【20130610】IT程序员或可转型为大数据专家,2013-06-10
http://chuansong.me/n/62031,【20130608】如何进行营销数据分析,2013-06-08
http://chuansong.me/n/55690,【20130604】大数据分析项目成功的五项基本原则,2013-06-05
http://chuansong.me/n/55691,生活中的大数据故事,2013-06-05
http://chuansong.me/n/55692,风行网人均月度浏览时间达优土两倍以上,2013-06-05
http://chuansong.me/n/53056,【20130603】灰色数据时代,2013-06-04
http://chuansong.me/n/51117,【20130601】数据分析爱好者，儿童节快乐哦,2013-06-01
http://chuansong.me/n/51118,创新哥：经验分析VS数据分析,2013-06-01
http://chuansong.me/n/51119,网站用户行为分析之群组细分,2013-06-01
http://chuansong.me/n/51120,什么是小数定律,2013-06-01
http://chuansong.me/n/46065,【20130413】数据分析师们：来一瓶,2013-05-31
http://chuansong.me/n/43000,【20130529】易观：百度一季流量份额明显下滑 360大幅上涨,2013-05-30
http://chuansong.me/n/43001,艾瑞：报告称一季度百度市场份额80.6%,2013-05-30
http://chuansong.me/n/43002,热门游戏APP能赚多少钱？,2013-05-30
http://chuansong.me/n/30953,【20130411】数据分析新手入门建议,2013-05-26
http://chuansong.me/n/29942,【20130523】一位资深数据分析师的分享,2013-05-23
http://chuansong.me/n/28248,【20130522】英特尔提“数据经济”，试水大数据挖掘,2013-05-22
http://chuansong.me/n/28249,@数据小宇军：分析思路梳理小案例,2013-05-22
http://chuansong.me/n/28250,员工的4个素质要求,2013-05-22
http://chuansong.me/n/28251,数据：电商类移动APP排行榜出炉 淘宝居第一,2013-05-22
http://chuansong.me/n/27635,【20130519】数据分析能力的8个等级,2013-05-21
http://chuansong.me/n/27636,大数据分析系统应规避的问题,2013-05-21
http://chuansong.me/n/27637,电商关键词：烧钱减速 门户网站开始密集并购,2013-05-21
http://chuansong.me/n/25963,【20130520】520,2013-05-20
http://chuansong.me/n/25964,大数据公司Tableau成功上市 为后来者奠定基础,2013-05-20
http://chuansong.me/n/23193,【20130517】微博运营之短链数据探讨,2013-05-17
http://chuansong.me/n/23194,新浪高管解读财报：与一淘合作增强盈利能力,2013-05-17
http://chuansong.me/n/23195,当当网Q1净亏损1170万美元,2013-05-17
http://chuansong.me/n/19913,【20130515】图解腾讯一季度财报,2013-05-16
http://chuansong.me/n/19914,【读点】专注做好一件事,2013-05-16
http://chuansong.me/n/19915,【思考】一只乌鸦口渴了,2013-05-16
http://chuansong.me/n/19289,【20130514】王坚：云计算和大数据，你们都理解错了,2013-05-14
http://chuansong.me/n/10925,【20130405】数据分析从这里启蒙,2013-05-12
http://chuansong.me/n/10782,【20130510】喜力啤酒的价格秘密,2013-05-10
http://chuansong.me/n/15524,很多企业需要工匠而非艺术家,2013-05-10
http://chuansong.me/n/15525,甲方乙方：数据分析内外有别,2013-05-10
http://chuansong.me/n/10638,【20130509】LinkedIn：2亿用户的大数据分析,2013-05-09
http://chuansong.me/n/10438,【20130508】电商数据分析易犯错误,2013-05-08
http://chuansong.me/n/10160,【20130507】如何增强客户黏性？,2013-05-07
http://chuansong.me/n/9715,【20130504】大郎新传,2013-05-05
http://chuansong.me/n/8103,【20130503】关于小企业善用小数据的五点建议,2013-05-03
http://chuansong.me/n/4757,【20130502】数据分析常见的三大误区,2013-05-02
http://chuansong.me/n/4758,【20130424】阿里怎么“玩”大数据？,2013-04-26
http://chuansong.me/n/4759,【20130422】大数据能否让地震预警更加快速有效,2013-04-22
http://chuansong.me/n/4760,【20130421】十大个性数据网站,2013-04-21
http://chuansong.me/n/4761,【20130419】选择一个合适的数据图表？,2013-04-20
http://chuansong.me/n/4762,【20130418】数据的4个特征,2013-04-18
http://chuansong.me/n/4763,【20130417】白领新标准,2013-04-17
http://chuansong.me/n/4764,数据分析注意的问题,2013-04-08
http://chuansong.me/n/4765,文章精选：数据用户需要什么数据？,2013-03-18
http://chuansong.me/n/4766,记住和知道的区别,2013-02-26
http://chuansong.me/n/4767,数据分析师们：来一瓶,2013-02-22
http://chuansong.me/n/4768,如何进行分段计数统计,2013-01-31
http://chuansong.me/n/4769,数据分析新手入门建议,2013-01-30
http://chuansong.me/n/4770,【20130409】被“妖魔化”的数据分析,2013-01-08
http://chuansong.me/n/4772,【20130410】文章精选：R语言学习由浅入深路线图,2012-12-18
http://chuansong.me/n/4773,【20130407】文章精选：数据用户需要什么数据？,2012-12-05
http://chuansong.me/n/4774,【20130406】你会选择什么？,2012-11-23
http://chuansong.me/n/4771,【20130403】新手指导：数据分析师职业介绍,2012-11-21
http://chuansong.me/n/4775,【20130404】阿里巴巴为什么入股新浪微博？,2012-11-20
http://chuansong.me/n/4776,【20130402】观点：大数据十大核心问题,2012-11-19
