109.197.31.38,Russia
45.112.177.62,Myanmar [Burma]
182.186.129.154,Pakistan
119.152.42.52,Pakistan
112.134.37.240,Sri Lanka
204.92.63.42,Canada
210.5.72.2,Philippines
103.243.62.44,India
119.160.97.121,Pakistan
2601:1c1:8900:e130:f0ef:5b6b:c038:5171,United States
24.47.215.94,United States
2405:204:c68f:a242:c9fd:f067:58a5:e64d,India
194.36.159.2,United Kingdom
98.24.35.131,United States
2a02:908:e854:9700:290:f5ff:fed9:2455,Germany
2a02:c7d:bc4e:3200:c9a6:6726:49e3:a9c1,United Kingdom
94.59.122.149,United Arab Emirates
119.153.255.53,Pakistan
23.242.253.177,United States
174.70.64.143,United States
2600:1:9500:7ee0:a1e6:bf9c:ef4a:b972,United States
70.184.214.35,United States
192.55.54.42,United States
2601:644:101:84a1:c0be:b3fa:6d8a:7bc7,United States
98.175.25.162,United States
85.229.248.129,Sweden
49.206.176.63,India
223.24.102.70,Thailand
122.179.42.118,India
103.22.172.174,India
169.231.55.210,United States
208.44.211.4,United States
24.114.250.7,Canada
198.148.170.1,United States
173.224.162.88,United States
59.99.133.81,India
124.123.85.102,India
212.121.153.12,Germany
24.46.238.191,United States
117.193.125.144,India
112.198.55.6,Philippines
112.79.179.114,India
97.73.80.243,United States
82.200.40.206,Russia
79.181.150.177,Israel
202.78.236.143,India
42.106.120.30,India
72.183.128.123,United States
103.199.23.162,Vietnam
24.73.9.65,United States
5.14.189.210,Romania
2600:1011:b14c:782f:a914:9247:6dc4:955a,United States
2405:4800:60ef:a4a:2807:e7d9:32e0:9861,Vietnam
2a01:5a20:100f:111::d55,United States
223.104.1.135,China
123.136.106.76,Malaysia
79.181.156.200,Israel
81.4.168.50,Cyprus
108.180.194.7,Canada
126.172.14.90,Japan
164.100.152.96,India
68.198.172.101,United States
110.232.93.221,Indonesia
80.254.154.105,None
67.129.109.65,United States
183.82.216.143,India
122.160.72.218,India
154.5.169.5,Canada
2601:188:180:11f0:65f5:930c:b0b2:cd63,United States
171.61.117.38,India
69.160.176.254,United States
175.158.216.30,Philippines
2600:100b:b129:ba85:2f54:86cd:dadc:c0e,United States
2600:8801:1185:2b00:1d35:46cc:9ecf:9250,United States
50.252.110.65,United States
122.129.121.130,Malaysia
103.38.196.2,Nepal
2001:67c:2874:10:d038:263:e586:2e95,United Kingdom
97.32.2.129,United States
24.89.179.19,United States
2001:14ba:8300::981d,Finland
50.53.1.33,United States
87.172.32.5,Germany
209.52.88.228,Canada
2604:6000:130a:a4:10ba:936b:88c9:1532,United States
213.246.255.122,Belgium
142.105.144.236,United States
188.48.218.67,Saudi Arabia
74.128.137.81,United States
122.162.27.144,India
205.154.229.187,United States
217.16.208.127,United Kingdom
106.213.218.144,India
2602:306:bcd0:52f0:c9fe:4999:23c3:a107,United States
222.154.251.222,New Zealand
130.204.46.106,Bulgaria
14.207.103.213,Thailand
61.239.95.239,Hong Kong
59.163.101.229,India
182.182.92.14,Pakistan
172.220.16.4,United States
54.240.198.33,United States
50.120.191.86,United States
2405:204:428b:fc57:e885:94f5:df8:ab96,India
93.56.72.185,Italy
183.82.217.101,India
83.245.253.144,Finland
125.238.227.228,New Zealand
50.234.189.5,United States
83.137.1.221,United Kingdom
2600:1700:3b00:6f30:38cf:12bc:f771:2873,United States
185.66.16.124,United Arab Emirates
197.215.254.116,Tanzania
46.229.145.180,Poland
66.76.244.24,United States
200.201.163.17,Brazil
47.144.6.18,United States
72.188.10.126,United States
114.125.18.158,Indonesia
183.82.96.182,India
32.97.110.60,United States
97.86.156.248,United States
2607:fea8:3c00:4ca:b1e6:adf9:b5c5:75a4,Canada
49.146.98.70,Philippines
198.163.150.11,Canada
223.104.63.215,China
134.76.0.104,Germany
66.211.206.86,United States
100.2.98.246,United States
2001:e68:5444:76ee:75ed:8843:ac29:daef,Malaysia
187.188.158.225,Mexico
101.98.234.75,New Zealand
72.163.220.25,India
12.192.138.178,United States
58.11.104.25,Thailand
69.245.203.68,United States
164.39.128.208,United Kingdom
