Aadhira68,1
Aethelwolf Emsworth,11
AirportExpert,1
Aisakano,2
Alaney2k,2
AnomieBOT,1
Aplah,1
Ashy Waves,10
Assassin3577,1
Ayankhan Muhammad X,1
B777-300ER,1
Backendgaming,7
Beckman142,2
Bellezzasolo,1
Bizuyghur,1
BlakeRichard00,2
Brandmeister,3
Breese76,1
BruzerFox,1
CWH,1
Capitals00,2
CaradhrasAiguo,2
Charles Essie,2
Citobun,1
Codyorb,1
Cold Season,1
CommonsDelinker,1
Crawiki,5
Csuisjshsi,1
DRAGON BOOSTER,1
David8302,1
Dawnseeker2000,2
Dbachmann,2
DePiep,1
Demmo,1
Derek Zavya,1
Dermato1,1
Doc James,1
Dr.Koo,9
Drfahad2018,1
DropCoffin,1
Dy1001,1
Endervoextur,1
Esiymbro,1
Febetsh23,6
Flavonoid,1
Freeboy200,17
Fustos,1
FutureTrillionaire,7
GB fan,1
Galefuun,1
Galobtter,1
Gap9551,1
Gati123,2
General Ization,1
Geographyinitiative,3
Gereon K.,1
Golbez,1
Great scott,2
Guardian101,3
GünniX,2
HJ Mitchell,1
Haldraper,1
HamilcarBarca1,1
HammerFilmFan,1
HappyCamper,1
Hazhk,1
Hzh,14
INDICATOR2018,10
Illegitimate Barrister,2
ImageRemovalBot,1
InternetArchiveBot,5
Iridescent,1
Jack Frost,1
Jbhunley,1
Jjjjjjdddddd,1
Jm0459,1
JohnBlackburne,20
Johnkn63,2
Josve05a,1
Juxlos,2
Kanguole,1
Karim Manouar,6
Kingston, CA,8
KolbertBot,6
Konsob031,2
Kraken44,1
Krishna Pagadala,6
Kung Hibbe,2
L293D,4
Lescandinave,2
LibCae,4
Lisan1233,1
LlywelynII,1
LuciferZH,3
Ludlite,2
Maarcis,1
Mandruss,2
Manish2542,1
MarioRichie1912,1
MartinZ,2
Mattcymru2,2
Mauricebrownuk,2
Mean as custard,1
Mellk,1
Mengnan Gao,1
Michihiro Yumoto Soga,6
Milan studio,2
MilanKovacevic,1
Minimax Regret,2
Moxy,3
Musx8yp,1
NYKTNE,2
Neonorange,1
NickNYCN,1
Nihil novi,1
Ninjoust,1
Niteshift36,1
Notthebestusername,2
Ogress,1
Orbitron018,1
Orenburg1,1
PRChina999999999centillionYuanGDP,11
Pang Ka Kit,2
PaulBashir,8
PeerBaba,1
PerhapsXarb,1
Peter Dunkan,3
Peter1170,2
Phlar,1
Pikeman336,4
PrEDRiSing,2
Premeditated Chaos,1
Rachmat04,1
Ranjithsiji,1
Redalert2fan,5
Redom115,3
RetiredDuke,2
RitKill,2
Ryan1783,2
Ryanwells77,1
Rzzgn,2
SUM1,1
SapphireArte,2
Schwede66,2
Seasonsinthesun,1
Sidoroff-B,1
Sirlanz,15
Sorrow of Sophie,2
SporkBot,1
Stephreef,2
Szqecs,1
TaerkastUA,1
Teddy.Coughlin,3
Tentinator,1
The Diaz,1
Thomas.W,1
Tidywhiety,1
Timmyshin,2
Timrollpickering,3
Triggerhippie4,1
Trust Is All You Need,4
UCaetano,2
UberCryxic,7
Unschool,8
Vivaan65,2
Wbm1058,1
Whaterss,2
Whoeverer,3
WikiWinters,3
Wkbreaker,8
Wrestlingring,7
Wwbread,12
Wwwalker,1
YeHUaNG,2
Yhjow,12
Yvonnehu,3
Zanhe,16
Zionziho,3
他删之石,1
彭嘉傑,4
林劲松,1
