1980fast,1
Aadhira68,1
Adithya harish pergade,1
AirCombat,1
Alaney2k,30
Andreas11213,1
AndrewNJ,3
Ansett,1
AquilaXIII,1
Artix Kreiger 2,1
Awmcphee,1
BaseballPie,1
Bbx118,3
Bearcat,1
Bokmanrocks01,5
Bpod,1
Brythones,1
Bunny2090,1
Buxtonthebuckston,4
Calerusnak,2
Canterbury Tail,13
CaribDigita,2
Cherkash,1
Citation bot,1
Citobun,1
Coffeeandcrumbs,1
Colored,1
Cryptic Canadian,1
Curly Turkey,1
Cydebot,1
Danish maggot,1
Divinest,6
Dlambe3,1
Dnozzad,1
Dobrearsov11,8
DocWatson42,3
Dorkface1234,1
Dr. BusFreak,1
Dr.K.,5
DrJenkins365,2
Drdpw,1
Dreid1987,2
Edl1-wiki,1
Edulovers,1
ElongatedMusketeer,1
Ernio48,3
Esszet,1
Forever elementary student,1
Freddiem,1
Frederic1122,2
Freshacconci,3
Frietjes,2
Fustos,1
GUtt01,1
GreenC bot,4
GrindtXX,1
Guillaumefg,1
Hazhk,4
Hopquabian,1
I am the state,7
IDW5605,1
Illegitimate Barrister,3
ImprovedWikiImprovment,1
Inops,1
InterestingCircle,3
Interlaker,3
InternetArchiveBot,6
Ivankazz,1
JJKings,1
JP911,1
Janschuster,1
Javert2113,1
Jd22292,1
Jeanjung212,1
Jgcab,2
Jhansc,1
Jm0459,7
Jmcollier,1
Justin076,2
JzG,1
Karlz91,1
Kelisi,1
KolbertBot,5
Kosova666,1
Kyle1278-2,1
L293D,1
La.vie.en.rose,1
Lojbanist,1
MBlaze Lightning,1
MagikM18,1
Malhação2017,2
Materialscientist,1
Mega Fixer Lee,1
Mguerard27,1
Miesianiacal,3
Moxy,71
Mr Serjeant Buzfuz,2
Mujdeda,2
Musx8yp,1
Nikkimaria,2
Nitpicking polish,5
NuclearElevator,2
Onel5969,1
Paintspot,1
Patar knight,2
Peter1170,1
Piotr Bart,2
Ppdbt2001,1
PrEDRiSing,1
Prbtsubedi12345,1
Quhy677888,1
Quieres un,1
RSStockdale,1
Rachmat04,1
RajanD100,3
Rakeshsingh4146,1
Ravi907,1
Redalert2fan,2
Renamed user g5r8c5h8j5g2f55v5h2h5g5d2s2c5b5,1
Retro72,5
Rick-7,1
Ripcord24,1
Rodrigo Cata Preta,1
Ryan1783,1
Saboteurest,6
Sikander,1
Simplexity22,1
Skipfortyfour,1
Snowded,1
Spacedude2169,2
SpanishSnake,1
Stapler1930,11
Stifynsemons,1
Stuffmaster1000,1
SungMinSeung,1
Supreme Dragon,6
T-resh,2
TheCorduroyEffect,2
TheFreeWorld,1
Thinker78,3
Thomas.W,2
Tom.Reding,1
Unschool,2
User-duck,10
Vaselineeeeeeee,9
VivaSlava,2
Vivaan65,1
Volcanoguy,2
Vsmith,1
WOSlinker,2
Walter Görlitz,44
WhatsUpWorld,27
Who is the only one,1
Wrestlingring,4
Wtmitchell,1
Xenos io26,17
Yilku1,1
YuriNikolai,1
Zppix,1
Милан Животић,1
