122.57.47.231,New Zealand
65.37.42.36,United States
89.242.130.208,United Kingdom
58.174.145.228,Australia
75.49.17.159,United States
172.158.120.206,Germany
69.142.199.182,United States
64.180.26.88,Canada
69.231.55.74,United States
71.164.142.87,United States
76.103.92.34,United States
90.190.47.241,Estonia
87.161.231.10,Germany
68.54.82.235,United States
86.1.14.150,United Kingdom
122.105.142.134,Australia
66.72.175.194,United States
168.11.77.199,United States
71.50.235.98,United States
124.179.209.170,Australia
75.70.209.14,United States
99.139.69.31,United States
69.116.88.57,United States
69.246.29.90,United States
96.243.105.150,United States
208.111.241.188,United States
69.207.82.33,United States
75.5.225.126,United States
99.230.68.39,Canada
192.8.220.10,India
97.103.14.217,United States
68.199.98.176,United States
70.176.173.74,United States
96.234.63.252,United States
75.153.227.236,Canada
82.34.10.204,United Kingdom
70.128.183.122,United States
70.251.69.154,United States
199.185.88.133,Canada
72.189.62.184,United States
86.170.235.109,United Kingdom
70.66.211.78,Canada
170.91.194.13,United States
71.170.13.9,United States
115.130.3.178,Australia
124.183.117.51,Australia
68.205.233.88,United States
72.201.173.182,United States
82.23.59.80,United Kingdom
98.240.87.228,United States
76.22.155.72,United States
144.44.150.153,None
75.0.0.3,United States
99.145.129.57,United States
158.59.196.133,United States
168.8.212.60,United States
