Abgar eabe ghu,3
Achowat,1
Addbot,2
Agnizium,1
AgnosticPreachersKid,1
AlexanderKaras,1
Anaxial,1
AnomieBOT,2
Anonymoususd,1
Arcataroger,1
Arda Xi,1
Arjayay,1
AuH2ORepublican,1
Avicennasis,1
BD2412,1
Babitaarora,1
Baki03,1
Barek,3
Bender235,1
Beyond My Ken,1
Bgwhite,2
BigK99,1
Blah10000,1
Blood-Wiper,2
Bogdan Nagachop,1
Bongwarrior,1
Bro jackson,1
C.Fred,1
CamTuckerLSD,1
CanadianLinuxUser,1
Cfreezer430,1
CitationCleanerBot,1
ClueBot NG,24
CntRational,1
CodeTalker,1
CommonsDelinker,1
Coroboy,7
Cyborg the Wikipedian,3
DVdm,1
Damian Yerrick,1
Davidiad,1
Dbachmann,26
DemocraticLuntz,1
Derek R Bullamore,1
Dlohcierekim,3
Donner60,1
Doomdorm64,1
Drmccreedy,8
EamonnPKeane,1
EmausBot,4
Entranced98,1
Escarbot,1
EvergreenFir,1
F. F. Fjodor,2
Favonian,1
Flumpt,2
Flyer22 Reborn,1
FoCuSandLeArN,1
FoxBot,1
Frietjes,1
Future Perfect at Sunrise,1
Garbear1188!?,1
George Ho,1
Gilliam,3
Gourami Watcher,1
Graeme Bartlett,1
GrouchoBot,1
Grover cleveland,2
Grutness,1
HTML2011,1
Helpful Pixie Bot,1
HerculeBot,1
Hoho24,2
Huntster,1
Ilikeguys21,1
Imadnsnn,2
Iridescent,1
JaconaFrere,1
Jaguar0307,1
Jimp,1
Jljsb,1
JustBerry,1
KLBot2,1
Kangaroopower,1
Katydidit,1
Kephir,1
Klilidiplomus,1
Koavf,1
KolbertBot,1
Kwamikagami,3
KylieTastic,1
Lambiam,1
Leandrocaracol,1
Lguipontes,1
LjL,17
LogX,2
Lotje,1
Lugia2453,1
M briglia05,2
M0rphzone,1
MRD2014,1
MacAuslan,1
Magioladitis,1
Mahmudmasri,1
Marek69,1
Mark Recio,12
Marvellous Spider-Man,1
Matt7899,1
MerlIwBot,1
Mister121,1
Monkbot,2
Mthrfckr,1
MusikBot,1
Mx. Granger,10
Namo120,1
Narky Blert,1
NiciVampireHeart,1
Noformation,1
Olision889,1
Onel5969,1
Oshwah,3
Paul August,1
Pedromelcop,2
Philip Mexico,1
Pinethicket,2
PohranicniStraze,1
Porkchop Jr.,1
Princess Lirin,1
Qaz098,4
R'n'B,1
Raeshonte,1
Raju836062,1
Rcsprinter123,1
Red Jay,1
Reisio,3
RibotBOT,1
RickinBaltimore,1
Rigley,1
Rodw,1
Rovaniemmi,1
SabrinaE323,1
Sau226,1
Sheila1988,3
Sirrnisthebest,1
Smalljim,2
Snow Blizzard,1
SpiralTurtle,1
Stwalkerster,1
Super48paul,1
Tamfang,1
Tbhotch,6
Thecheesykid,1
Thelmadatter,1
Thomas.W,2
Tiyyah,2
Tom Morris,2
Uncle Milty,1
Urhixidur,1
Urszag,6
Vanamonde93,1
Vanisaac,1
Viennese Waltz,1
Vrenator,2
Walidman10,1
Wamiq,1
WheresTristan,1
Widr,1
WikHead,1
WikiPedant,1
Wikid77,2
WikitanvirBot,1
Willking1979,1
Woohookitty,1
Xiaphias,1
Xqbot,1
YUCARE,1
Yobot,2
Zamxr,1
Учхљёная,1
