Adam9007,2
Addbot,1
Adeelbai,1
Amlz,2
Andy Dingley,1
AndyFielding,2
AnomieBOT,4
AntanO,1
Articleender,1
Aurelius139,1
Bdesham,1
Beetstra,1
Bevo,2
BigDwiki,1
Bilbo571,1
Blethering Scot,1
Broy333,1
CAPTAIN RAJU,1
CarsracBot,1
Challisc,1
Chininazu12,1
Christoph hausner,2
Chrisuae,1
ClueBot NG,15
Comp.arch,2
CountingPine,3
Cybercobra,1
DVdm,1
DavidBrooks,3
Dawolakamp,2
Dcljr,1
Discospinster,3
Dl2000,3
Dogoteacher,1
EJSawyer,1
Edward,1
EpicWolverine,1
Eslamsameer,1
Essa75,1
Eumolpo,1
Excirial,1
FireWaveFire,1
Fishnet37222,1
Flavonoid,1
FleetCommand,4
Flyer22 Reborn,1
Fraggle81,1
Frosty,1
GoingBatty,1
Gqqnb,1
GrapefruitSculpin,1
Gulumeemee,1
HMSSolent,1
Helios crucible,1
I dream of horses,1
ISatana,2
Isarra (HG),1
Itsthenutshackwithphil333333333333333333333333333333333333333333333333333333,1
JackPotte,1
JackintheBox,1
James Kidd,1
Jarble,1
Jeraphine Gryphon,2
Jimmy541541,1
Johnuniq,1
Jon Kolbert,1
JorisvS,3
K6ka,1
Kaobear,1
Karpouzi,29
Kkm010,1
Kmchanw,1
KylieTastic,8
Margin1522,1
MarioFinale,2
Martarius,1
Matej.focko,1
Materialscientist,3
MelbourneStar,1
MikeLacey,5
Mikeafr,1
Minimac,1
Moe Epsilon,1
MovGP0,1
MrOllie,2
NTox,1
NYCRuss,1
Name goes here,1
Nihiltres,1
Northamerica1000,2
NottNott,1
O. Jacot-Descombes,1
Oceanwg,1
Oshwah,1
PC-XT,2
Paleolith,1
Paulodell,1
PeterShelf,1
Prakash Nadkarni,1
Pratyya Ghosh,1
Qwertyxp2000,1
RainFall,1
Renamed user 2560613081,56
Rezabot,1
RichardTallent,4
Rojomoke,1
Russes1,1
S.Örvarr.S,1
SchreiberBike,1
SecretSpecialSauce,1
Sekhara Pramod,3
Siddesh11,1
Sofia Koutsouveli 2005,2
Sthiy,1
Stoptherot,1
Stuart95,5
Sun Creator,1
SurajMishra905,1
Tedickey,1
Teles,1
The Invisible Phantom,1
Theanimationempire,2
Toothbrush777,2
Tthomps2002,2
TzaB,1
Ugog Nizdast,1
Vengeance4v,1
Vinci2005,6
Walter Görlitz,1
Wavelength,1
Wh8,1
Widr,2
WitherOrNot,1
Xypron,3
Yobot,4
Κλειδοκράτωρ,1
පසිඳු කාවින්ද,1
