2a02:908:1399:81c0:d51e:d780:2e76:70,Germany
5.125.125.187,Iran
2405:204:e206:37de::5ca:b8b1,India
2600:8801:b106:b900:3ceb:64d:c411:ac99,United States
100.33.129.28,United States
106.198.26.132,India
24.181.222.255,United States
210.212.247.38,India
157.38.243.146,India
27.62.1.51,India
158.222.215.29,United States
59.89.237.78,India
213.149.51.152,Croatia
2405:205:80:8684::101c:d0ad,India
80.89.76.203,Latvia
96.252.71.100,United States
108.208.205.8,United States
70.184.214.35,United States
115.112.97.154,India
103.15.140.162,Bangladesh
73.73.198.52,United States
37.111.3.192,Myanmar [Burma]
70.31.127.71,Canada
103.24.99.206,Pakistan
27.62.149.9,India
106.201.26.54,India
45.252.54.2,Bangladesh
86.130.111.145,United Kingdom
213.149.51.175,Croatia
123.63.3.26,India
36.75.64.81,Indonesia
182.75.139.222,India
96.250.126.152,United States
183.87.21.246,India
142.3.88.50,Canada
2601:646:8580:ec99:7c05:b6ca:84fd:40b2,United States
117.193.216.94,India
2602:306:3357:ba0:c848:9de5:2466:f763,United States
81.134.137.82,United Kingdom
78.107.148.248,Russia
210.14.27.51,Philippines
39.55.236.233,Pakistan
204.137.100.100,United States
217.33.61.67,United Kingdom
112.133.222.158,India
45.250.64.18,India
196.72.31.189,Morocco
117.239.46.146,India
2600:1:9507:ee07:81ad:1f45:3327:f3af,United States
149.62.201.90,Bulgaria
101.214.179.178,India
185.44.69.133,Russia
58.108.87.120,Australia
2601:405:4200:d8a1:fd7f:ecd1:9955:6474,United States
123.49.14.228,Bangladesh
2405:205:329b:4aa1:ec96:7004:f04:9f86,India
72.21.106.252,United States
98.209.20.178,United States
2602:304:b015:d0:29d9:3b7a:f5d7:d486,United States
24.13.202.137,United States
73.223.105.113,United States
197.128.4.59,Morocco
27.255.179.117,India
5.116.58.123,Iran
197.136.41.2,Kenya
2405:205:118b:d635::486:30a1,India
216.150.185.2,United States
2606:a000:6604:d700:d8a0:8fd7:d4bc:edba,United States
166.127.1.192,United States
27.7.201.102,India
202.125.156.94,Pakistan
128.59.42.250,United States
202.91.89.157,India
2405:204:d006:43e7:b68e:225d:7d3f:78e,India
202.164.53.117,India
45.116.184.22,India
91.146.31.240,Russia
79.142.224.210,Denmark
138.41.24.229,Italy
174.61.228.93,United States
213.149.61.212,Croatia
130.193.218.130,Iraq
2601:601:8500:8e50:e1b4:940e:4003:c109,United States
120.151.189.121,Australia
106.192.209.233,India
75.88.70.101,United States
146.196.34.231,India
2a01:113f:200:5800:cc06:3b0:37f8:6ef4,Poland
27.97.205.246,India
168.213.5.101,United States
165.91.13.160,United States
223.196.94.50,India
47.30.110.55,India
117.202.29.20,India
66.158.233.203,United States
103.226.24.246,India
47.186.193.203,United States
164.52.227.130,United States
95.26.196.100,Russia
115.248.19.162,India
2602:306:3197:b430:51d4:a1de:e162:c667,United States
121.75.9.194,New Zealand
189.34.1.204,Brazil
202.137.113.204,Philippines
59.96.109.159,India
212.103.84.12,Switzerland
103.82.98.2,India
182.74.34.90,India
70.53.77.19,Canada
121.99.197.115,New Zealand
2602:306:3357:ba0:7de1:1de5:dc7e:3f5a,United States
148.0.28.99,Dominican Republic
2405:205:4488:53b8:aae3:b1be:3bb2:d736,India
117.245.136.123,India
2601:201:4201:9170:c90a:f8e6:a94c:43a6,United States
93.224.110.56,Germany
112.133.237.59,India
2405:205:8482:c4fe::a1b:60ac,India
72.24.204.166,United States
157.49.1.116,India
194.35.222.101,United Kingdom
124.124.231.188,India
2405:204:e681:962f:11e1:ba56:2cbd:4e20,India
103.255.4.64,Pakistan
14.176.248.227,Vietnam
81.159.174.9,United Kingdom
2600:100c:b22a:e1bc:3351:5677:45b2:81b,United States
202.129.197.98,India
176.59.113.83,Russia
110.55.67.15,Philippines
168.150.102.192,United States
94.20.99.242,Azerbaijan
154.120.230.254,Zimbabwe
168.216.130.133,United States
216.54.86.210,United States
97.127.153.10,United States
220.225.238.173,India
129.82.9.2,United States
85.255.237.147,United Kingdom
103.242.20.231,Bangladesh
213.149.51.80,Croatia
70.75.125.124,Canada
189.100.44.173,Brazil
2604:2000:b045:6f00:dc6:ad0d:ce40:2633,United States
122.162.243.86,India
1.186.78.17,India
76.20.94.36,United States
2602:306:cd0c:d080:a1b6:cba9:80d0:21ea,United States
