202.154.10.178,Indonesia
125.16.180.5,India
197.77.19.253,South Africa
164.83.123.242,United States
43.231.51.161,India
124.178.43.38,Australia
117.207.73.133,India
114.121.234.213,Indonesia
2601:640:4000:8cd0:16:60ea:d690:fd0f,United States
223.196.85.154,India
65.128.133.116,United States
140.0.116.21,Indonesia
178.167.254.128,Ireland
123.139.20.179,China
106.51.234.201,India
209.64.11.82,United States
84.104.0.95,Netherlands
111.68.24.91,Indonesia
205.202.96.2,United States
69.67.86.164,United States
108.254.160.23,United States
212.98.122.70,Denmark
162.208.41.246,United States
195.194.77.204,United Kingdom
110.173.190.162,India
113.108.207.164,China
202.80.216.199,Indonesia
86.10.63.116,United Kingdom
67.246.182.116,United States
217.91.74.231,Germany
61.6.16.185,Malaysia
83.241.128.206,Sweden
113.210.167.77,Malaysia
110.184.153.251,China
117.207.78.171,India
70.27.100.76,Canada
182.74.129.217,India
68.199.82.10,United States
86.17.15.10,United Kingdom
87.112.223.20,United Kingdom
172.56.12.39,United States
2404:e800:e60c:858:944f:f8d3:539f:52a6,Singapore
114.125.101.191,Indonesia
117.205.119.125,India
2001:8003:6e75:ae00:f8f5:d66d:8eb5:d79d,Australia
59.167.62.94,Australia
2a02:a03f:10e9:1c00:554b:e450:d44f:75a8,Belgium
64.134.145.184,United States
184.166.13.62,United States
70.92.105.100,United States
2405:205:818f:19c2:f054:c0e2:9dd2:a4d7,India
195.178.174.145,Sweden
49.248.247.182,India
120.161.0.162,Indonesia
193.198.212.111,Croatia
61.3.210.32,India
76.108.114.64,United States
31.25.251.141,Poland
116.74.51.194,India
2601:2c3:1:25c1:80fa:d6ef:a28:8d4d,United States
122.165.20.55,India
117.199.143.52,India
213.244.168.161,Netherlands
122.54.20.26,Philippines
50.140.1.118,United States
117.207.67.141,India
184.90.211.105,United States
96.247.230.24,United States
118.137.70.53,Indonesia
122.174.242.247,India
85.192.78.34,Spain
120.138.116.66,India
134.7.190.150,Australia
130.159.190.200,United Kingdom
65.129.195.77,United States
114.121.236.208,Indonesia
175.136.94.95,Malaysia
117.216.48.239,India
110.159.183.240,Malaysia
158.140.175.146,Indonesia
202.80.219.3,Indonesia
61.3.179.55,India
210.5.80.114,Philippines
117.207.76.188,India
150.101.108.45,Australia
2607:fb90:6454:ec47:5bbe:c0b9:3e9b:d9f5,United States
150.204.49.43,United Kingdom
47.184.208.205,United States
219.90.100.88,India
204.16.152.10,United States
198.96.83.10,Canada
101.182.26.117,Australia
117.217.72.101,India
117.207.74.210,India
202.80.216.231,Indonesia
2a02:c7d:5220:3200:9c00:c22b:bef4:ea61,United Kingdom
96.247.225.10,United States
104.183.104.133,United States
182.55.37.100,Singapore
68.150.86.232,Canada
121.242.47.195,India
49.205.217.133,India
2.102.97.208,United Kingdom
70.61.184.78,United States
78.94.53.130,Germany
96.247.230.125,United States
223.176.163.233,India
