Aditya Gangdhar,1
Aidenlongdick,1
Albaniakucov,1
Amaury,1
AnomieBOT,1
Anu Ku,1
Arjayay,1
Arnon81,1
AubreyBaby,2
Azurevanilla ash,1
BG19bot,1
Bender235,3
Bgwhite,2
Bstouttt,1
BurandonRezunikku,1
Burrito man,1
C.Fred,1
Certes,1
Cherkash,1
ClueBot NG,16
Courcelles,1
Crh23,2
Cynulliad,1
DVdm,1
Davidcannon,1
Davidelit,7
Dawnseeker2000,1
Dcirovic,2
Dedrick Edsel,1
Denisarona,1
DocWatson42,1
Donjuan777,1
Donner60,3
Doseiai2,9
Edulovers,1
EggRoll97,1
Eno Lirpa,1
Entranced98,1
Evan Woodrow,1
Facts707,2
Favonian,3
FenixFeather,2
FlossyVenus,1
Freelance Intellectual,1
Frietjes,2
Frosty,1
Gamaliel,1
GarudaPhoenix,3
Gilliam,3
GoddersUK,1
Gogo Dodo,1
Graham87,1
Gunkarta,22
GünniX,2
HaEr48,1
Hanaster13,1
HandsomeFella,1
Harshanair123,2
Hddty.,1
Headbomb,1
Hearmewe,1
Highresheadphones,1
Hmains,1
Huritisho,2
I dream of horses,6
Ibra Bintang,2
Ilham Jenor,4
Infinite0694,2
InternetArchiveBot,1
J 1982,1
JarrahTree,6
John Schwarzbraunz,1
John of Reading,1
Johnmorson03,1
Jokola,1
K6ka,1
KasparBot,1
Kendall-K1,1
Kiprotich.ke,1
Kortoso,1
KylieTastic,1
Largoplazo,1
LittleWink,1
Look2See1,1
Lowellian,1
LuK3,1
Magioladitis,1
Mandruss,1
Marek69,1
Maria Kappatou,1
MarioZelda128,1
Martindo,4
Masjawad99,3
Masssly,1
Materialscientist,4
Mdnavman,1
Mean as custard,1
Motivação,4
Murry1975,1
NFSreloaded,1
Namdeva,2
Narafedhi,2
Narky Blert,1
Natg 19,2
NewEnglandYankee,2
Niceguyedc,1
Oecology,2
Omnipaedista,1
Orogenesis,1
Oshwah,2
Paris1127,1
Paulinho28,1
Philroc,1
Pi3.124,3
PlyrStar93,1
RMCD bot,4
Racerx11,2
Rachman227,8
Raganbaby 6,1
Raistinus,1
Rakaputra WSF,2
Rantemario,7
Rayhwiggins,1
Rayyan12344,8
Rayyanisawesome,2
Rayyanisawesonme,1
Rif Winfield,3
Rjwilmsi,1
Rkriteshkumar.23,2
RockJuno,1
Rsrikanth05,2
RyanFace22296,1
Ryzcheese,2
Sae1962,1
Sameera RS,1
Shubham4154,2
Simplexity22,2
SpyMagician,1
StarmanW,1
Stesmo,1
Stevey7788,1
TU-nor,1
Takafumi1,1
TdanTce,1
The Correcting Guy,1
The Cypress Station,2
ToonLucas22,1
Trappist the monk,2
Twitbookspacetube,1
Ur Chirag,1
Verosaurus,2
Vipkipedia,2
Volt miner,1
Vsmith,5
Wahid145,1
Wannabemodel,1
WikiDan61,1
Yamaguchi先生,1
Yanajin33,1
Yobot,2
Zack94,3
Zackmann08,1
