107.1.178.249,United States
69.86.27.31,United States
106.187.43.84,Japan
71.54.91.246,United States
82.132.237.126,United Kingdom
68.148.158.237,Canada
166.102.224.141,United States
77.56.53.183,Switzerland
82.73.233.206,Netherlands
173.28.111.54,United States
2601:282:500:31bd:386c:484a:e1bd:2af3,United States
189.5.176.42,Brazil
97.126.110.232,United States
80.4.79.43,United Kingdom
69.113.121.12,United States
124.170.69.7,Australia
190.139.18.251,Argentina
72.201.235.216,United States
207.171.215.234,United States
69.171.160.159,United States
174.69.159.111,United States
68.193.20.39,United States
70.69.162.8,Canada
129.31.69.107,United Kingdom
207.28.164.247,United States
166.147.120.37,United States
97.104.86.110,United States
24.127.201.40,United States
122.176.41.126,India
90.177.192.65,Czechia
64.39.147.109,United States
96.4.78.34,United States
71.200.215.53,United States
80.42.73.226,United Kingdom
180.190.66.6,Philippines
205.215.88.178,United States
216.26.207.78,Canada
66.104.162.242,United States
114.77.202.230,Australia
62.107.212.18,Denmark
67.43.18.229,United States
118.136.38.108,Indonesia
98.227.168.99,United States
40.134.240.4,United States
165.234.184.12,United States
70.52.173.107,Canada
64.113.108.59,United States
65.172.69.66,United States
121.246.217.196,India
65.19.218.27,United States
174.145.7.63,United States
68.55.115.35,United States
67.160.252.138,United States
72.25.192.4,Canada
92.112.141.52,Ukraine
205.154.24.152,United States
166.109.0.176,United States
124.182.39.29,Australia
2.221.127.39,United Kingdom
69.132.105.227,United States
193.162.48.188,Denmark
63.116.202.69,United States
207.115.103.162,Canada
166.147.120.31,United States
41.204.42.53,Ghana
24.98.237.3,United States
98.223.228.191,United States
97.118.141.185,United States
76.2.188.189,United States
62.254.68.36,United Kingdom
94.10.50.173,United Kingdom
71.246.240.180,United States
58.107.99.195,Australia
100.2.126.101,United States
46.11.95.248,Malta
80.193.133.254,United Kingdom
121.75.142.129,New Zealand
90.240.167.114,United Kingdom
90.221.2.194,United Kingdom
2601:5c9:4202:3f5:3886:353d:d0ba:5c0a,United States
67.70.32.190,Canada
67.76.150.151,United States
46.176.29.143,Greece
202.83.17.232,India
202.166.211.160,Nepal
24.17.200.44,United States
163.150.18.217,United States
65.170.106.133,United States
89.218.46.111,Kazakhstan
204.174.87.29,Canada
24.173.125.170,United States
142.33.43.50,Canada
119.155.9.177,Pakistan
107.107.63.69,United States
98.208.82.80,United States
216.173.144.244,United States
119.15.91.182,Cambodia
2a02:c7d:327b:5600:d0f2:1c33:e510:a66d,United Kingdom
121.97.110.145,Philippines
79.69.72.255,United Kingdom
101.98.64.122,New Zealand
38.67.208.171,United States
113.20.116.27,Vietnam
24.208.149.9,United States
150.208.129.208,United States
24.9.127.41,United States
68.208.190.98,United States
183.87.146.253,India
