102jon,1
A930913,2
AS,1
Addbot,2
Aeolus4444,1
Aesopos,1
Akashidkshay27,2
AlphaPyro,1
Anbu121,1
Angrysockhop,1
Anguswilliams69lol,1
Ankit aviator3764,1
Ankitapatil2000,1
Anthony Appleyard,1
Apparition11,1
Aulyin,2
AvocatoBot,1
B****n,1
BD2412,1
BarrelProof,5
Bgwhite,2
BiT,1
Bjennelle,1
Bkonrad,6
Blake-,1
Bobesponja69,1
Bongwarrior,1
BotKung,1
Brian the Editor,1
Bruce1ee,1
Captain Almighty Nutz,1
CardinalDan,1
Catalographer,1
ChrisHodgesUK,1
Chrissymad,1
Chriswaterguy,1
ClueBot,4
ClueBot NG,22
Cybercobra,1
D Eaketts,1
D'ohBot,1
DPL bot,2
DVdm,1
Daniel.Cardenas,2
Darkwind,1
Darth Mike,1
Dasani,2
Dawson,1
Dcirovic,2
DeadlyAssassin,1
Dhaval.dp056041,1
Discospinster,1
Drm310,1
Drmies,1
EmausBot,3
Erud,1
Fe≈•our,1
Flugs,1
Flyer22 Reborn,1
France3470,1
Froid,22
Ganesh123pass,1
Gokul1010,1
Grafen,1
Graham87,4
GuySh,1
HCA,16
Helpful Pixie Bot,1
HiW-Bot,1
Hicksohh,2
Hutcher,2
J.delanoy,2
JIP,1
JRawesome,1
JYBot,1
JeanPassepartout,2
JeremyA,1
John from Idegon,1
JohnnyMrNinja,1
Jons63,1
Jusdafax,2
Jwinius,8
Karankambli2525,1
Kashid27,3
Kashid98,7
Katieh5584,1
Kehca,1
LittleWink,4
Luckas-bot,1
Lzw666666,2
MMuzammils,3
Maaaks,2
Macrocoders,2
Mansi kadam,1
Marcus Cyron,2
Materialscientist,4
Mathrick,2
MaxEnt,1
Mean as custard,4
MelbourneStar,1
MrOllie,2
MusikAnimal,1
Mwtoews,6
MyNameIsVlad,1
Narayanese,1
Neelakshee,1
NewEnglandYankee,1
Niconopolis,1
Nikita ahire,1
Nischal437,1
NotThatAnonymous,24
Nvmbs,1
OcarinaOfTime,1
Odie5533,1
Omkar305,1
Ottawahitech,3
Parabpushkar4,1
Pbsouthwood,2
Perstar,1
Philip Trueman,6
Pi Delport,1
Piano non troppo,2
Piepiepiepiepie5,1
Pinethicket,1
Plantdrew,1
Pmbma,1
Prathmeshghosalkar,1
Randyc~enwiki,2
RedBot,1
Renamed user 2560613081,1
Renamed user KdYpUvMgT,1
RexNL,1
Rezabot,1
RibotBOT,1
Rinick,1
RjCan,1
Robbot,1
Rohit giri,1
RoySmith,2
Samridhia,1
Semmendinger,1
Serols,1
Server255,1
Sharonroja,1
Shenlongtang,2
SieBot,2
SilvonenBot,1
Sobreira,1
Stephenb,5
SuddenFrost,1
Svick,1
Swanand705736,1
Synthebot,2
TJRC,1
TXiKiBoT,2
Taunter912,1
Tea2min,1
TheSuave,1
Thehochimehntrail,1
Themeparkgc,1
Theroadislong,3
Thijs!bot,5
Thingg,1
Thumperward,1
Timotheus Canens,2
UY Scuti,1
Vaishali mahadik,1
Vanstrat,1
Vaqeteart,1
Wgolf,1
Widefox,3
Xqbot,1
Xtreme2000,1
Xyzzyplugh,1
Zenibus,1
