218.188.39.81,Hong Kong
2603:3024:180e:e100:e94b:5806:4a3e:85c1,United States
186.113.145.196,Colombia
74.108.224.146,United States
92.233.48.24,United Kingdom
190.20.7.134,Chile
71.59.155.212,United States
204.38.48.128,United States
195.204.16.140,Norway
194.81.239.23,United Kingdom
193.60.217.58,United Kingdom
1.64.27.119,Hong Kong
217.9.204.34,United Kingdom
90.192.66.140,United Kingdom
155.69.2.13,Singapore
72.177.237.55,United States
95.23.183.10,Spain
194.83.158.110,United Kingdom
50.187.53.99,United States
2.51.185.121,United Arab Emirates
76.181.138.63,United States
174.49.115.116,United States
166.171.185.236,United States
88.107.246.141,United Kingdom
87.198.126.113,Ireland
172.99.17.48,United States
2601:641:4000:d59d:ed6a:3dbe:26a8:24c,United States
96.236.215.30,United States
124.189.171.41,Australia
80.229.144.191,United Kingdom
117.136.7.233,China
109.150.218.53,United Kingdom
24.246.94.231,Canada
2a02:c7d:5a39:b100:fd36:ffa6:d97e:9752,United Kingdom
107.107.57.211,United States
63.227.131.210,United States
76.27.63.167,United States
194.83.158.109,United Kingdom
98.127.0.110,United States
70.231.140.18,United States
168.169.226.142,United States
77.106.175.230,Norway
86.146.139.32,United Kingdom
179.166.243.231,Brazil
198.85.213.73,United States
2602:306:803b:cc50:9c5f:a40:2b10:dba1,United States
174.124.49.33,United States
82.71.40.120,United Kingdom
208.82.154.7,United States
109.152.23.179,United Kingdom
2.28.36.217,United Kingdom
89.138.225.169,Israel
80.225.63.116,United Kingdom
89.207.212.3,United Kingdom
152.23.112.234,United States
117.200.251.172,India
92.22.171.83,United Kingdom
90.155.119.97,United Kingdom
90.198.37.135,United Kingdom
86.155.166.48,United Kingdom
1.22.203.141,India
122.56.168.187,New Zealand
180.188.232.15,India
216.124.139.100,United States
172.254.22.71,United States
194.83.156.66,United Kingdom
188.79.163.20,Spain
195.28.94.66,Slovakia
2606:a000:c281:7900:8c0d:dfa5:2db5:9c28,United States
2001:bb6:4f45:4058:a902:39f3:d1d3:d975,Ireland
2a02:c7d:6392:ee00:511e:7eb0:3084:69ed,United Kingdom
2600:380:5a2e:befa:ef85:4113:9674:e0dd,United States
86.12.149.113,United Kingdom
94.102.43.175,Norway
50.226.26.89,United States
81.153.118.74,United Kingdom
188.29.165.145,United Kingdom
37.14.231.20,Spain
66.210.7.66,United States
204.108.193.170,United States
204.122.255.233,United States
2601:541:4305:c70:69de:538c:d529:d347,United States
86.166.107.33,United Kingdom
203.122.234.169,Australia
107.0.78.254,United States
171.76.193.243,India
213.99.167.157,Spain
178.149.66.79,Serbia
199.197.96.13,United States
94.249.103.17,Hashemite Kingdom of Jordan
2a02:c7f:ba25:1b00:c93a:1d05:ad15:26f7,United Kingdom
109.152.248.212,United Kingdom
5.69.253.136,United Kingdom
95.147.179.53,United Kingdom
69.179.74.177,United States
77.102.242.113,United Kingdom
58.108.223.39,Australia
81.158.89.36,United Kingdom
5.68.49.65,United Kingdom
2a02:c7d:dc20:2800:b9f0:2c2a:f672:1ecd,United Kingdom
86.176.15.181,United Kingdom
1.64.238.40,Hong Kong
64.223.96.35,United States
137.54.51.174,United States
139.216.235.151,Australia
95.83.253.132,Ireland
46.233.112.127,United Kingdom
84.42.147.202,Czechia
86.16.72.219,United Kingdom
75.142.8.143,United States
199.66.149.194,United States
