AbelM7,2
Addbot,3
Amberphoenix,1
Anonymouspersonthatyoudontknow,6
BD2412,1
Beauisthebestdog,1
Begoon,2
Bieber is hot,1
Bkonrad,24
Bobobon,2
Bongwarrior,3
BritainHamm,3
BrokliBoi,1
C.Fred,1
Charito2000,1
ChrisHodgesUK,1
ClueBot NG,45
Cnilep,2
Creedparrish01,1
Dafyd Thomas,1
Dan Koehl,1
Darorcilmir,1
Deli nk,5
Derpythedalek,3
Donner60,1
Doulph88,1
EDITOR.0945,1
Ebrahim,1
Elroch,3
Enter Your Username plaaes,1
Eoghan keenan,1
Excirial,1
Faisalabdi01,1
Fergananim,1
Filip nohe,1
Flyer22 Reborn,1
Funnyfarmofdoom,1
GSS,1
Gareth Griffith-Jones,1
Ghmyrtle,24
Gogo Dodo,3
Graham87,1
HUNNSSHCU,1
Higuy12,1
Iamacow58,1
Iamnotacylon,1
IdreamofJeanie,3
Irishbatman,4
Jackfork,4
John Tan 708,1
Jon C.,1
K scheik,1
Kmcdm,2
Knowledgeablecitizen,1
Koollooker,3
Leschnei,1
Loriendrew,8
Luca247645,1
Lugia2453,2
MadGuy7023,1
Materialscientist,3
Maximilianklein,1
Mean as custard,7
MelbourneStar,1
Mike150470,1
Miles Creagh,1
Mscuthbert,1
Musa daggash,2
MusikAnimal,1
My name is not dave,1
N-HH,1
NebY,3
Onel5969,1
PaleCloudedWhite,6
Pepper,1
Pinethicket,2
PohranicniStraze,1
Prohockey81,1
Qxukhgiels,1
Red King,1
Rob984,68
Robloxlover69,1
Rocketrod1960,1
Sabrebd,2
Sarcasticbunny,1
Serols,1
Simonsyo,1
Smalljim,1
Snitch ninja,1
Snowded,3
Sobreira,4
Srnec,1
SrpskiAnonimac,1
StealthyMan2.0,1
The Mighty Glen,1
TidJonsenFrick,1
Tigermonkey31,2
Tony0927,4
ToonLucas22,1
UTHDHSHRFFIFDNEGDCCY,1
Vahid0010090,1
VladGerp,1
WaspologyResearch,2
Whizz40,1
Wikipean,1
XTimeParadox,1
Yamaguchi先生,1
YiFeiBot,1
Yobot,1
Zman12378,1
Zzuuzz,6
