0xF8E8,1
1997kB,2
A.A Ghatge,2
A145029,2
ABorba (WMF),1
Aadhira68,1
Abecedare,1
Abhikanshkk,1
Absolutelypuremilk,2
Accesscrawl,1
Adamstraw99,4
Aditya tamhankar,1
Adwaith s,1
AirportExpert,1
Aj white jr.,1
Ajaybanbi,1
Akhiljaxxn,1
Akshath99,1
Aliaman387,1
AllTimeChampion17,5
Allwynsamuvel2,1
Anirudh Emani,1
Anish M. Nagpal,3
Ankitmonga7167,1
Ankur Bhandari,4
AnomieBOT,1
Anonymous82943,1
Anoptimistix,1
Arjayay,1
Arjunuws,3
Arsh 18,2
Arxeusanion,2
Ashinpt,1
Ashy Waves,16
AusLondonder,2
Azuredivay,1
B777-300ER,1
Bajirao1007,3
Batternut,1
Bazza 7,1
Begoon,21
Bender the Bot,2
BengalTiger7,1
BernardaAlba,5
Bhanwar singh vaish,1
Bharat.varsh,2
Binod Basnet,1
Bk kartik21,1
Blairall,1
Bluesky.girl1212,3
Bokmanrocks01,3
Capankajsmilyo,1
Capitals00,17
ChidanandaKampa,2
ClueBot NG,1
Cmd2208,3
Coolharrypotter,5
Correctinfo2000,4
Courage12345,1
Cydebot,1
DHSULP,1
DRAGON BOOSTER,1
Dasalakshana,6
Deadrat,1
Death pilani,2
Demmo,1
Dhtwiki,23
Dona-Hue,1
Doug Weller,2
DrKay,3
Dragon200317,1
EdwardElric2016,1
El C,1
Eldhorajan92,1
Eric1998,2
FILWISE,1
Fowler&fowler,18
Framan A A,1
Fustos,4
Galobtter,1
Gazoth,11
General Ization,1
Glide08,3
Gnanvit,1
GreenC bot,4
Gryffindor,1
GÃ¼nniX,1
Hamza Ahmad Wiki Scientist,2
HarshithSK,2
Hasanmizaj,1
Hazhk,4
Helium4,1
Hobogo,3
IdreamofJeanie,1
Imewhy26,1
ImprovedWikiImprovment,1
Imransoudagar,1
IndianEditor,8
InternetArchiveBot,10
JCW-CleanerBot,1
Jainallotrope,5
Jamesjacob12,1
Jashan gill,1
Kailash29792,1
Karim Manouar,1
Kautilya3,3
Kautuk1,1
KiL92,1
King Zebu,2
Kingofwoods,2
KolbertBot,2
KylieTastic,2
Languagedevelopment,1
Lankandude2017,3
LeoFrank,1
Lilpur,1
Lorstaking,3
M.S.Vishnu Panchal,1
Mandruss,1
Mark the train,2
MatiW97,1
Maxaxax,1
Mehmetkose,1
Milan John,2
MilborneOne,4
Mmkhan.mmk,1
Moxy,5
My Lord,1
Nihlus,2
Omer123hussain,4
PetarM,1
Peter1170,1
PlanespotterA320,1
PlutoniumBackToTheFuture,1
Ponia.sp,1
Pratik Basu tkwbi,1
Pritamseth77148,1
Proudmaratha,2
Pshent,1
Quyenjan,1
Radiphus,1
RahulRamchandani,2
Ranjithsiji,1
Rashkeqamar,1
Rattans,1
RegentsPark,17
RexxS,3
Rich Farmbrough,1
Rishu Shukla,2
Rivertorch,1
Royroydeb,1
Rushabhasheth,1
Ruyter,1
Ryan1783,2
Sagarugale71,1
Samanthathepirate,1
SamanyaKannadiga,5
Samee,1
Seaweed Llama,2
Sgsinha,2
Shashank5988,1
Shitansh,3
Shivanshhhg,2
Sir Nicholas de Mimsy-Porpington,1
Sitush,1
SpacemanSpiff,24
Srainywall,10
SrikanthGorthy,1
SshibumXZ,3
Subcontinent studies,12
Subhajit230,1
Suchhikumar,1
Sumitmpsd,1
Suswetha Kolluru,1
SwagLevelHigh,1
Tangoandb2,1
Tapas.23571113,2
Techtonic365,4
TheDragonFire,1
ThecentreCZ,1
Thenikhilkhatri,2
Thnidu,2
Tiger7253,1
Toddst1,2
Utkarsh sawale,1
Vanamonde93,4
Varunshiralkar,1
VibeScepter,1
Vibhss,7
VinyS,1
Vivaan65,2
Wiki.editAnshu,1
Xx236,1
Yobot,1
Zionziho,2
