185.244.215.237,United States
2.233.242.79,Italy
90.240.245.199,United Kingdom
5.144.234.122,Greece
2600:1009:b144:c6ad:3c17:5dd2:4c48:dc14,United States
96.246.145.61,United States
185.239.8.243,Albania
66.87.188.251,United States
91.253.24.80,Italy
95.237.139.98,Italy
213.45.186.191,Italy
79.13.189.135,Italy
87.8.131.84,Italy
72.89.81.112,United States
140.0.80.65,Indonesia
87.5.39.210,Italy
84.21.151.68,United Kingdom
31.217.6.156,Croatia
93.148.152.227,Italy
65.112.8.194,United States
80.182.253.133,Italy
79.34.197.42,Italy
79.26.88.251,Italy
79.13.192.219,Italy
2601:243:200:ced0:456:1a91:9590:6e99,United States
93.35.185.203,Italy
72.46.97.250,United States
24.37.0.98,Canada
76.64.185.7,Canada
2001:16a2:16a7:b300:98b7:5014:6b11:2add,Saudi Arabia
79.34.232.207,Italy
81.99.219.131,United Kingdom
79.33.33.214,Italy
62.211.97.239,Italy
5.168.25.100,Italy
80.90.86.223,Albania
62.211.86.237,Italy
80.104.153.29,Italy
185.13.106.99,United Kingdom
79.41.101.84,Italy
95.250.219.230,Italy
5.168.219.58,Italy
82.55.142.138,Italy
5.169.105.232,Italy
2601:243:200:ced0:d090:2ec2:e229:a1a,United States
82.211.73.54,United Kingdom
78.12.210.203,Italy
5.89.223.225,Italy
79.30.51.46,Italy
151.54.187.150,Italy
212.171.133.171,Italy
103.86.132.161,Pakistan
79.45.92.35,Italy
103.205.135.13,Bangladesh
188.218.63.32,Italy
137.25.142.91,United States
95.232.85.78,Italy
66.228.120.36,United States
158.148.75.189,Italy
5.169.106.214,Italy
78.133.44.131,Malta
79.41.175.89,Italy
5.168.130.209,Italy
79.25.92.2,Italy
46.188.153.49,Croatia
79.116.23.234,Romania
131.109.124.117,United States
174.255.192.159,United States
2602:301:77fe:ba80:c873:a91a:426f:3294,United States
5.170.172.11,Italy
2a02:587:3a04:8a00:b810:9461:fcd1:7a6,Greece
2a02:c7f:1e2d:c400:7866:3090:2718:c082,United Kingdom
71.128.1.151,United States
79.22.198.219,Italy
80.117.1.55,Italy
24.97.196.1,United States
118.101.244.219,Malaysia
209.6.150.221,United States
151.188.213.158,United States
174.18.108.11,United States
212.171.133.186,Italy
38.142.176.138,United States
151.18.46.44,Italy
82.50.157.3,Italy
93.148.174.163,Italy
2a02:587:490f:c900:3ce8:f6e6:e368:b959,Greece
2600:1700:3f00:14a0:500e:890:5415:eca3,United States
72.77.5.96,United States
5.168.175.222,Italy
62.211.24.251,Italy
2602:301:77fe:ba80:88f0:2356:2c94:5559,United States
113.210.76.139,Malaysia
79.16.95.117,Italy
79.25.127.148,Italy
151.72.20.62,Italy
79.24.39.149,Italy
62.211.97.47,Italy
87.1.186.123,Italy
68.132.43.201,United States
104.249.226.2,Canada
108.162.177.213,Canada
79.16.208.165,Italy
95.233.93.58,Italy
213.45.61.184,Italy
79.45.96.29,Italy
