AG12878,1
Adamgerber80,1
Adfagah,1
Aledownload,3
AliJenner83,1
Anonymous427,1
Arjayay,1
Avaya1,1
Bbbbbnm,2
Bearsca,1
Bonadea,1
Bongwarrior,1
Bowmanzz,1
Bubstheslime,2
CLCStudent,1
CambridgeBayWeather,1
CarrieAnnTanner,1
CheesyChips342,1
Cherkash,1
Chris.cugno123,1
ClueBot NG,8
Cool watermelon,1
DVdm,1
Dalian16,1
Danielarcegerardocarranza,1
Danski454,1
DavideVeloria88,5
Dk1919 Franking,3
Drmies,1
Duykhiem706,2
Educator57,1
Entranced98,1
Fbergo,2
Flyer22 Reborn,1
Foghe,1
FrescoBot,1
Galobtter,1
Georgechahni,1
GiovanniSidwell,2
Goatyboy9000,2
Graham87,1
Hameltion,1
Hazhk,2
ImprovedWikiImprovment,1
ItalianStallion12,5
IvanScrooge98,3
Jerus82,1
Jxraynor,1
KH-1,1
Keetocheeto,2
KolbertBot,2
LifeOnTheMed,1
LivinRealGÃ¼d,2
Lolnerds4,1
LucaGaletti95,2
LuigiPortaro29,15
MONGO,2
Macedonian,1
Madreterra,2
Mandruss,1
MassiveNewOrderFan,1
Mastercard13273,68
Maxwellmcc,1
Mean as custard,1
Mirenism,1
Moonsunstar1,9
Moxy,4
Mr Xaero,1
Mr. Guye,1
MusikBot,1
Nick.mon,20
Omnedon,1
Oshwah,3
Pauli133,1
PericlesofAthens,1
Pushkar Dwivedi,6
RA0808,1
Rajawaqas,4
Randy Kryn,1
RaviC,6
Redalert2fan,2
RickinBaltimore,1
Rob984,1
Robur.q,3
RyanSjaell,1
SUM1,1
Samf4u,1
Satya9raha,1
Schengen2018,2
ScrapIronIV,3
Serols,2
Shellwood,9
Simonemb,3
Solidrock303,1
SrpskiAnonimac,1
Tayste,2
Tobby72,2
Ufufcguc,1
Vaselineeeeeeee,10
Vikstar31432006,1
Vsmith,2
Wikid77,1
William Avery,1
YariDarling,1
Yochananz,1
