A D Monroe III,3
AlexKozur,1
Anandmoorti,2
Anantagita,1
Anthony22,1
Ari1999,1
Athomeinkobe,1
B777-300ER,1
BD2412,2
Backendgaming,4
Begoon,1
Bender the Bot,5
Benjaminikuta,1
BlackRanger88,1
Bmoney.20,1
Brandmeister,3
BukitBintang8888,5
C.Fred,1
Calton,2
Canterbury Tail,10
CaradhrasAiguo,1
ChamithN,5
Chdyer22,1
Che fox,1
Cherryblossom000,1
Chillstep89,2
Cooleric,1
Crito10,1
Curly Turkey,14
Cydebot,1
Danieljsky,1
Davide King,1
Dawnseeker2000,4
Debresser,1
Demmo,1
Denniscabrams,1
Diannaa,1
DimensionQualm,2
Dobrearsov11,1
Dr.Koo,19
DrKay,10
Dyskutant,1
Ebizur,2
Ehrenkater,1
Erika Paul,1
Ernabono,1
EvergreenFir,3
Eyesnore,1
Fixer88,1
Frem3,1
FrescoBot,2
Gateshead001,1
Gc9580,1
Gemvoice,3
Gintong Liwanag Ng Araw,1
GodenDaeg,3
GreenC bot,2
Gryffindor,2
GünniX,1
HIDECCHI001,1
Hazhk,2
Hddty.,3
HeisenbergPinkman,1
HeneralVicente23,1
Heroic95,1
Hibernian,1
Hms1103,1
Hulk576,1
Hzh,31
I am the state,1
I dream of horses,1
Illegitimate Barrister,2
ImprovedWikiImprovment,2
InterestingCircle,1
InternetArchiveBot,12
Ioannes Pragensis,1
Itoen90,4
Itschipino,1
IvanScrooge98,1
Jacksub,1
Jameel the Saluki,10
JaneHuds93,1
Jbuc14,1
Jdaloner,1
Jhansc,1
Joeykai,2
Johnmarks,4
Jon Kolbert,1
Joobo,1
JoshuaReen,1
Jytdog,1
Kai2004,2
Kaldari,1
Karlz91,3
Keiiri,1
Khvmty,1
Kind Tennis Fan,2
KingSkyLord,1
Kingxander123,1
Kixean777,1
KolbertBot,4
Krauss,1
Kwarstadt3,3
Lawrence59,1
LawrenceScafuri,5
LibyanMercenary,5
LimaHotel807,1
LordAtlas,1
MBlaze Lightning,1
MPikli,37
Magic links bot,1
Magioladitis,1
Mandruss,1
Masahero,1
Materialscientist,1
MidasHotel20,2
Miles.527,1
Mingling2,1
Mitch Ames,1
Mr.YIYI,1
Nardog,2
NetrualEditor,1
Nihonjoe,6
Nine Zulu queens,1
Noi221,1
Nonenonenonez,1
NotTheFakeJTP,1
Nøkkenbuer,1
Onel5969,1
Orangdepok1,3
PKG.Royal,1
Paulinho28,2
Pawnkingthree,1
Pbj25,1
Pds0101,3
Percivl,1
Peter1170,9
Pgan002,1
Pianissimor,1
Pikeman336,4
PlanespotterA320,1
PlanetDeadwing,2
Ppdbt2001,1
PrairieCat,3
Quebec99,2
R'n'B,1
Rachmat04,1
Rafael Florentino,1
Rantemario,1
Red Director,1
Redalert2fan,2
Reywas92,3
Rich Farmbrough,1
Richardcavell,1
Rjensen,3
Rlaghksrnr33,1
Ryan1783,1
SLIMHANNYA,1
Salon Essahj,1
Shellwood,1
Sigehelmus,1
Silvio1973,1
Sodicadl,1
SporkBot,1
Srich32977,2
Stephreef,3
Stevietheman,1
Stewader91,1
Supreme Dragon,2
T A Francis,1
TBrandley,1
Tahamzd,4
TheDJ,1
TheInfernoX,33
Thomas.W,1
TishoYanchev,1
Tktru,1
TokumeiJG,4
Tommy Douglas,1
Triggerhippie4,1
Tyranitar Man,1
Vanderoops,1
Vdjj1960,8
Vivaan65,3
Vivexdino,9
Whaterss,2
WhisperToMe,1
WoodElf,1
XanaduZepp2112,1
XeloriaGrand,2
Yeungkahchun,1
Zanhe,3
Zionziho,1
ייהליזיושמר,1
पाटलिपुत्र,4
彭嘉傑,1
金城湯匙,1
막장탄,2
우리말살리기,2
