16bitshooter,3
17 kutalmis bercin,2
72,1
A picture of a dead fish,1
Acroterion,1
Adam9007,2
Amniarix,1
AnomieBOT,1
Arado,3
Baxter4173,1
Bellezzasolo,1
Bentogoa,1
Bharath43wiki,1
Bilal-khan,2
Bongwarrior,4
Carewolf,3
CaveJohnson6969,1
Certes,1
ChamithN,12
CinemaLover24680,1
ClueBot NG,26
Cnwilliams,1
Codinginfinity,1
Comp.arch,2
Cryptic,1
Cubbi,1
DVdm,1
Daveedvdv,1
David.moreno72,1
Destro666,1
Dl2000,1
Dmtk,1
DrewDurnil,1
EdwardH,1
Epicdaface25,1
Ernest3.141,1
Eurodyne,1
EvergreenFir,1
Favonian,3
Felicia777,1
Finlay McWalter,20
Finnusertop,1
Floatjon,1
Fmadd,4
Gilliam,4
Gooseflesh12,1
GorillaWarfare,1
GrandPhilosophe,1
Hayman30,1
Hgrosser,2
Hmains,1
Home Lander,1
I am One of Many,1
IScriptBunny,4
Imminent77,1
Iridescent,1
Its gussy,1
Jarble,1
Jax 0677,1
Jdcomix,4
Jim1138,1
Johnuniq,5
Joshua66252,2
Jozef-k,1
KH-1,1
Kalli navya,1
Karokedulu,1
Katie lt3,1
Kiwi128,3
Kleuske,1
KolbertBot,1
Kosack,1
LibertyChick1776,1
LightwingNg,2
Lordtobi,1
Lumanaya1,1
Maczkopeti,1
Malenzkek,2
Materialscientist,1
Michael Ten,1
Mild Bill Hiccup,1
MrOllie,3
Myconix,2
Nardog,1
NeilN,1
NottNott,1
Omnipaedista,1
Oshwah,4
Pbruins84,1
Pepsi97,1
Peterl,17
Philiprbrenan,1
PlyrStar93,1
Primefac,1
Rautamiekka,1
Reach Out to the Truth,1
Renamed user 2560613081,7
Rentzepopoulos,1
Rezhwan-expert,2
Richi,1
Rishav pandey,2
Rohitbooklover,1
Ruyter,1
Rwxrwxrwx,5
S.Vajid,2
Salomeeaalexandru899,1
Schneelocke,1
Sergey539,1
Serols,3
Shashank2806,2
Shellwood,1
Sixdays,1
Smitherfield,1
Snehapmhatre,2
Snuggle,1
Streapadair,1
Supercell121,1
Tea2min,15
Tedickey,10
Theoneomarjefri,1
Tompop888,1
Tonyhansen,1
Uchaaki,2
Ur Chirag,1
Vahid alpha,1
VinhyDahPooh,1
Wickorama,2
Widefox,2
Yobot,2
Zppix,1
Zverik,1
Zzuuzz,1
Ярослав Оринин,2
