1.02 editor,5
1990'sguy,1
23haveblue,3
3rdDivision,1
A D Monroe III,3
Air.light,2
Akuindo,1
Alarics,10
Anachronist,2
Anandmoorti,1
AnomieBOT,3
Anonymous Random Person,1
Anonymous from the 21st century,1
ArleenFostah,2
Arrecife,2
Bagas Chrisara,1
BearGlyph,1
BeenAroundAWhile,1
Being.aussie,2
Bender the Bot,6
Bennv3771,16
BeywheelzLetItRip,1
Brandmeister,1
Brook Madison,1
Bryan4562013,5
BukitBintang8888,13
BushelCandle,7
Butterboy,1
Casliber,1
Chackerian,1
Charliecombs,1
Chipmunkdavis,6
ChiyuZongzi,1
Citation bot,1
Cote d'Azur,5
Curly Turkey,1
Cydebot,1
D Eaketts,1
DORC,1
DRAGON BOOSTER,6
Dan100,1
Darrishabh,1
Darylgolden,1
Davemck,1
Davey2116,1
Davide King,2
Dawnseeker2000,1
Diannaa,1
Dr.Koo,16
Dronepicr,2
Educator57,1
Eggishorn,1
Ermahgerd9,1
EvergreenFir,2
Facheck,3
Fasnon,2
Ferylbob,2
FrescoBot,1
Frietjes,3
Gati123,2
Gen. Quon,2
GermanJoe,1
GreenC bot,4
Gs97,1
Gulumeemee,1
GÃ¼nniX,1
Hazhk,1
Headbomb,1
Heathercai24,1
Helgi-S,1
Heolkpop,3
Herryz,2
HighKing,1
Hmains,1
Ho Kei Hon,2
Honymand,1
Hzh,9
InternetArchiveBot,11
Itschipino,1
JJMC89,1
Jacbourg,1
Jacob Valdemar,1
Jane Dawson,3
Jbuc14,1
Jerrycoughlan,1
Jhansc,1
John of Reading,1
JohnPeterson,1
Junchuann,1
Jytdog,8
KN2731,3
KaplanAL,2
Kevin Dewitt,1
Kieronoldham,1
Kind Tennis Fan,1
Kjm16216,1
KolbertBot,4
Le Deluge,1
LeeChoonYeeLcy,1
Lemongirl942,4
Leschnei,1
LibyanMercenary,1
Lifegauge,1
Lightsabr,3
LilHelpa,1
Lokedhs,1
M R Karim Reza,1
Maczkopeti,1
MageLam,1
Magic links bot,1
Mandruss,1
Martin Stephenraj,1
Martin of Sheffield,1
Materialscientist,2
Mdw0,1
Mechaniik,1
MiG,1
Milku3459,1
Mkmk,1
Molecule Extraction,1
MoshiKun,2
Mostestargue,1
Moxy,1
Mr KEBAB,1
Muraad Kahn,1
Nardog,1
Nat965,1
Neilinabbey,1
Nick-D,2
Nograpes,1
Now wiki,1
Odder,2
Oneultralamewhiteboy,2
Openlydialectic,1
Orbis-Civis,1
Parcly Taxel,4
PeacePeace,2
Permacultura,2
Peter1170,5
Pinkflowers 33,7
Pixelfrenzy,1
Pizzamall,1
Prangcha,1
PsychologyFTW,1
R'n'B,1
R22-3877,3
Rachmat04,1
Rantemario,8
Rashid Jorvee,2
Redalert2fan,3
Renamed user 943a06d1c3,1
Repetition,2
Richi,2
Riyaaz1,1
Robb in,2
Robcervero,1
Rodw,1
SMB315C,2
Sashko1999,2
Sct72,1
Sethdecastro1,1
Shaddim,1
Sheila1988,1
Shiok,49
Shortsword,1
Srich32977,2
Stevo1000,1
Stewarino,3
Stupeedz,1
SungMinSeung,1
Supreme Dragon,4
TAnthony,1
TU-nor,1
Tango303,1
Terrancommander,1
The Banner,1
The Rambling Man,1
Therequiembellishere,2
Thryduulf,1
Tiger7253,15
ToddW-US,1
Trinitrobrick,1
Tuntable,1
Veriss1,1
Vivaan65,1
WOSlinker,1
Warpslider,1
Wikid77,1
Wilsonchas,1
Wolfdog,1
Xaiver0510,6
Xiang180808,3
Yejianfei,1
ZKang123,23
Zhanzhao,1
Zionziho,15
Zozoulia,1
Zullandzzx,3
