78.55.169.101,Germany
41.223.111.10,Somalia
168.184.254.24,United States
117.206.86.107,India
70.36.53.150,Canada
70.52.11.217,Canada
182.74.106.165,India
107.77.216.189,United States
117.240.170.33,India
220.225.219.37,India
27.34.16.171,Nepal
212.122.66.166,Republic of Lithuania
137.48.251.236,United States
123.63.236.100,India
66.191.128.205,United States
103.10.109.1,India
86.8.54.48,United Kingdom
1.39.60.71,India
222.92.143.26,China
2405:204:a40a:9eed::1c67:10b1,India
2601:541:4304:e6b0:218:8bff:fe74:fe4f,United States
85.129.89.162,Denmark
45.125.117.38,India
1.39.11.47,India
93.39.134.116,Italy
120.28.93.13,Philippines
70.184.214.35,United States
112.196.40.250,India
103.21.54.26,India
194.217.244.100,United Kingdom
157.48.4.113,India
109.226.20.85,Israel
103.37.82.180,India
2601:89:8400:2300:de0:d3f8:cdd4:6ce9,United States
39.59.164.163,Pakistan
2a02:c7d:5231:bd00:81ce:1aec:7f:697,United Kingdom
112.209.218.141,Philippines
203.59.190.41,Australia
138.44.65.86,Australia
195.59.193.132,United Kingdom
183.82.63.73,India
193.190.253.145,Belgium
62.255.128.66,United Kingdom
122.164.226.47,India
175.106.54.85,Afghanistan
155.4.126.237,Sweden
2602:306:30ac:5060:34:9b07:c77:47ae,United States
116.50.85.14,India
106.208.69.240,India
49.145.94.205,Philippines
47.187.195.6,United States
14.141.163.46,India
203.171.40.170,New Zealand
122.163.135.253,India
62.172.11.90,United Kingdom
2001:470:1f1d:42b:398d:f12a:e4b9:498f,United Kingdom
194.81.79.16,United Kingdom
185.75.213.95,United Kingdom
95.180.51.114,Serbia
79.67.219.173,United Kingdom
184.99.144.234,United States
106.51.225.37,India
94.43.30.76,Georgia
50.204.127.38,United States
62.171.196.66,United Kingdom
117.211.106.43,India
198.38.10.231,United States
112.198.72.170,Philippines
2001:1a68:4:42:f84e:8e4b:318b:7b7d,Poland
80.229.14.1,United Kingdom
2001:8003:212c:5400:6da9:e6d9:3050:a6b3,Australia
139.182.222.252,United States
103.238.159.251,India
59.178.34.5,India
150.107.9.247,India
117.241.158.204,India
205.222.248.67,United States
49.205.18.35,India
49.35.151.30,India
81.154.75.91,United Kingdom
39.54.139.216,Pakistan
192.152.195.68,Canada
5.241.4.66,Sweden
2607:fb90:505a:d6e8:fc48:ecc4:9e43:5969,United States
107.143.136.104,United States
59.92.50.164,India
121.244.87.71,India
50.53.1.33,United States
2a02:1810:1e23:a500:206e:322c:a51:2d8d,Belgium
117.198.254.176,India
2003:6b:90e:2901:9d74:c0d0:8155:b274,Germany
106.215.143.35,India
38.70.8.130,United States
5.200.116.193,Iran
68.197.224.183,United States
76.14.39.29,United States
117.207.111.7,India
103.21.54.18,India
12.130.117.212,United States
168.184.248.211,United States
203.99.198.19,India
203.197.140.253,India
1.125.104.15,Australia
103.232.125.2,India
202.20.106.25,Indonesia
182.72.180.102,India
82.9.253.69,United Kingdom
213.205.241.240,United Kingdom
167.137.1.16,United States
76.113.43.2,United States
1.22.213.69,India
111.68.102.115,Pakistan
125.18.106.145,India
216.14.15.130,United States
108.49.183.237,United States
213.86.59.165,United Kingdom
62.194.243.155,Netherlands
122.165.184.45,India
98.112.131.217,United States
117.248.99.145,India
204.40.130.135,Canada
41.136.97.170,Mauritius
47.29.70.97,India
172.90.28.29,United States
122.174.19.58,India
108.221.18.208,United States
2409:4072:96:a51b:ded1:d912:def9:48c3,India
101.187.21.237,Australia
134.144.244.5,Australia
2601:541:4500:1760:218:8bff:fe74:fe4f,United States
216.68.255.190,United States
2.50.28.78,United Arab Emirates
4.31.13.17,United States
115.248.54.121,India
74.11.140.114,United States
109.66.38.61,Israel
68.145.44.217,Canada
182.68.204.167,India
182.72.239.178,India
103.24.173.62,India
202.54.135.130,India
130.76.96.146,United States
192.71.97.254,Sweden
105.231.1.41,Kenya
216.2.245.17,United States
173.48.20.105,United States
