31.49.60.5,United Kingdom
68.99.115.229,United States
96.57.20.18,United States
174.19.96.200,United States
213.133.216.189,Jersey
76.97.86.161,United States
174.91.60.191,Canada
46.254.252.116,Jersey
151.188.105.176,United States
92.234.140.49,United Kingdom
67.6.2.170,United States
131.111.243.37,United Kingdom
70.30.6.158,Canada
214.13.248.69,United States
98.124.6.201,Canada
24.239.77.193,United States
24.22.220.159,United States
86.23.88.119,United Kingdom
82.47.92.67,United Kingdom
111.220.146.170,Australia
52.206.255.139,United States
71.82.162.50,United States
75.53.109.91,United States
74.15.127.102,Canada
77.56.53.183,Switzerland
170.76.198.130,United States
71.52.132.94,United States
71.95.145.24,United States
24.180.212.34,United States
58.176.246.42,Hong Kong
87.194.211.128,United Kingdom
206.116.115.16,Canada
64.75.72.5,United States
1.43.26.231,Australia
125.168.13.86,Australia
208.118.127.246,Canada
206.131.30.40,United States
70.150.198.66,United States
5.28.156.86,Israel
76.64.72.223,Canada
62.235.154.97,Belgium
70.240.201.15,United States
81.149.232.45,United Kingdom
94.187.68.51,Lebanon
204.96.194.123,United States
15.219.169.73,United States
216.79.193.213,United States
24.141.21.165,Canada
86.168.197.38,United Kingdom
203.223.47.254,Cambodia
72.16.59.75,United States
71.94.131.187,United States
114.143.151.247,India
204.169.92.47,United States
66.173.17.170,United States
117.248.14.2,India
174.61.165.246,United States
193.11.218.27,Sweden
2600:387:1:813::bd,United States
72.196.254.49,United States
72.159.148.178,United States
148.85.246.90,United States
47.54.87.0,Canada
118.92.106.83,New Zealand
202.175.120.114,Macao
184.187.153.199,United States
2600:1004:b15b:f42a:19dd:9bc8:c6f5:3341,United States
218.252.19.43,Hong Kong
69.137.157.58,United States
203.153.243.98,Australia
71.7.204.56,Canada
2600:100c:b201:9bdf:70bd:fa56:66a9:4012,United States
86.23.61.203,United Kingdom
209.20.18.21,Canada
212.219.39.66,United Kingdom
2601:484:8100:e410:c901:eea8:defd:3e0e,United States
2600:387:1:811::75,United States
70.189.170.229,United States
209.106.136.232,United States
2601:14d:301:9181:a0c1:f3f7:6d7e:121d,United States
199.20.68.40,United States
116.71.13.81,Pakistan
144.85.160.14,Switzerland
98.234.148.35,United States
2600:387:1:813::ab,United States
4.242.174.25,United States
2605:8d80:6a9:4036:56a:5c01:d7db:99bd,Canada
68.197.13.159,United States
202.37.142.106,New Zealand
2605:8d80:682:4cad:bc74:f664:4c01:4a1b,Canada
118.93.100.171,New Zealand
212.50.169.137,United Kingdom
76.70.77.146,Canada
2600:1012:b15b:3c1f:8cd6:c05c:7776:67aa,United States
209.175.180.40,United States
184.105.252.130,United States
150.101.105.219,Australia
2601:483:304:4ab2:8c1a:46d:eb2d:8304,United States
92.30.101.135,United Kingdom
196.84.152.208,Morocco
83.104.50.55,United Kingdom
59.178.38.203,India
184.158.66.223,United States
174.89.131.176,Canada
76.98.36.23,United States
67.2.151.153,United States
92.42.151.164,United Kingdom
46.31.243.136,Jersey
151.188.201.162,United States
98.114.11.16,United States
5.2.97.198,United Kingdom
170.76.198.132,United States
167.93.78.250,United States
202.158.222.66,Australia
2.49.121.189,United Arab Emirates
97.88.73.179,United States
2601:403:2:1d30:18a6:6dc5:22b0:6b16,United States
86.132.195.148,United Kingdom
88.98.69.202,United Kingdom
66.160.201.41,United States
24.87.55.70,Canada
86.134.8.13,United Kingdom
76.84.48.91,United States
208.108.133.12,United States
195.171.66.203,United Kingdom
2600:1005:b069:efc:657a:8b11:e6fe:58f9,United States
174.29.188.30,United States
80.192.134.212,United Kingdom
216.164.171.46,United States
66.94.206.63,United States
75.139.113.20,United States
37.208.199.219,Qatar
81.66.198.166,France
72.229.119.71,United States
75.97.208.103,United States
52.206.255.212,United States
129.89.249.202,United States
204.82.33.157,Canada
99.230.163.251,Canada
69.54.25.50,United States
67.193.151.244,Canada
68.83.133.68,United States
