123Hedgehog456,1
ACleaningPerson,1
Addbot,1
Alansohn,1
Alfiedgreen,1
Asdsfsgshjuseatgtrh,1
Auntof6,1
Awesomeman6969,1
BD2412,2
BG19bot,1
Beyond My Ken,1
Bkonrad,1
Bongwarrior,8
Bouncyluke,2
Brogan77652,1
CAPTAIN RAJU,1
CLCStudent,1
Caballero1967,1
Cannolis,1
Casperelcholo,1
Certified RPTSS,1
Cit helper,1
Cj1289,1
Clarityfiend,1
ClueBot,1
ClueBot NG,48
Cnilep,6
DASHBotAV,1
DVdm,1
Damirgraffiti,1
DanosaursCreateWikipocalypses,2
DatGuy,1
David spector,1
Dcirovic,1
DexDor,1
Dithridge,1
DiverDave,1
Donner60,1
Door23,2
DootDooterson69,1
Doug Weller,3
Dr. Persi,2
Drakon136,1
Drbogdan,4
Dreth,1
Drmies,1
Durval,1
Edskie46,1
Eekerz,1
Ehrenkater,1
Eldiaar,1
Epicgenius,1
Excirial,1
Favonian,2
Fhjmi54,1
Flappychappy,1
Fleur44,1
Frosty,2
GOLDENT3CH,1
GermanJoe,2
Ghmyrtle,1
Gilliam,1
Guanaco,1
HHubi,1
HMSLavender,1
Hayman30,1
Hediger,2
Hobbes Goodyear,9
Holger1959,1
Home Lander,1
Huggablemelinda,1
Huw Powell,1
IGW,1
Ihatefrancefoo,1
Irishfox32,1
JackPotte,1
Jaimelyte,1
James086,1
Jan1nad,1
Jasper Deng,1
Jim1138,1
Jkadbgbesaihbgf,1
Johndicksonson,1
Jstrap22,4
Julia kool,2
KH-1,2
KNHaw,3
Karl 334,1
Kethrus,1
Kiara68888,1
Kmwoody,1
Krazygunner18,1
L Kensington,1
Latin Wolf,9
Lilliway13,1
Lindsay2236,2
LittleWink,10
Ltvega17,1
Luckas Blade,1
Macrakis,4
Madamedefaulter24,1
Materialscientist,1
MelbourneStar,1
MerlIwBot,1
Metiscus,1
Miles Edgeworth,1
Mojo Hand,1
Mtpaley,1
NawlinWiki,1
Neil P. Quinn,1
Niceguyedc,1
OnBeyondZebrax,1
Optakeover,1
Oshwah,5
PTJoshua,1
PeterDRG,1
Pinethicket,1
Popolily,3
Pratyya Ghosh,1
R'n'B,2
RA0808,1
RAWRLOLRAWR,2
Reecespuffs13,4
Reza1615,1
RhysBW,1
RhysBroughton,1
Rob984,2
Rrburke,1
Rucar,1
Saturn star,3
Scarfy1,1
Sean.hoyland,1
Serols,2
Shaftheking,1
Shanes,1
Sheila Ki Jawani,1
Shellwood,2
Siddiqsazzad001,1
Simplexity22,1
Skamecrazy123,1
SkyWarrior,1
Some Gadget Geek,2
Squirt321,1
SunCountryGuy01,1
Swpb,4
Takeaway,1
Tavix,1
TerryAlex,1
The Thing That Should Not Be,1
The wub,1
Thewindlord,1
ToThAc,1
Topgear22,2
Tsinfandel,1
TwoTwoHello,1
Uncle Milty,1
Unicorn589,2
Vanstrat,2
Venm4782,1
Wave4u,1
Wbm1058,2
Weedwhacker128,1
Widr,1
Wikipelli,1
Writ Keeper,1
Xezbeth,1
Yamaguchi先生,2
Zaenon,1
Zppix,1
کاشف عقیل,1
